[{"model": "auth.permission", "pk": 1, "fields": {"name": "Can add log entry", "content_type": 1, "codename": "add_logentry"}}, {"model": "auth.permission", "pk": 2, "fields": {"name": "Can change log entry", "content_type": 1, "codename": "change_logentry"}}, {"model": "auth.permission", "pk": 3, "fields": {"name": "Can delete log entry", "content_type": 1, "codename": "delete_logentry"}}, {"model": "auth.permission", "pk": 4, "fields": {"name": "Can view log entry", "content_type": 1, "codename": "view_logentry"}}, {"model": "auth.permission", "pk": 5, "fields": {"name": "Can add permission", "content_type": 2, "codename": "add_permission"}}, {"model": "auth.permission", "pk": 6, "fields": {"name": "Can change permission", "content_type": 2, "codename": "change_permission"}}, {"model": "auth.permission", "pk": 7, "fields": {"name": "Can delete permission", "content_type": 2, "codename": "delete_permission"}}, {"model": "auth.permission", "pk": 8, "fields": {"name": "Can view permission", "content_type": 2, "codename": "view_permission"}}, {"model": "auth.permission", "pk": 9, "fields": {"name": "Can add group", "content_type": 3, "codename": "add_group"}}, {"model": "auth.permission", "pk": 10, "fields": {"name": "Can change group", "content_type": 3, "codename": "change_group"}}, {"model": "auth.permission", "pk": 11, "fields": {"name": "Can delete group", "content_type": 3, "codename": "delete_group"}}, {"model": "auth.permission", "pk": 12, "fields": {"name": "Can view group", "content_type": 3, "codename": "view_group"}}, {"model": "auth.permission", "pk": 13, "fields": {"name": "Can add user", "content_type": 4, "codename": "add_user"}}, {"model": "auth.permission", "pk": 14, "fields": {"name": "Can change user", "content_type": 4, "codename": "change_user"}}, {"model": "auth.permission", "pk": 15, "fields": {"name": "Can delete user", "content_type": 4, "codename": "delete_user"}}, {"model": "auth.permission", "pk": 16, "fields": {"name": "Can view user", "content_type": 4, "codename": "view_user"}}, {"model": "auth.permission", "pk": 17, "fields": {"name": "Can add content type", "content_type": 5, "codename": "add_contenttype"}}, {"model": "auth.permission", "pk": 18, "fields": {"name": "Can change content type", "content_type": 5, "codename": "change_contenttype"}}, {"model": "auth.permission", "pk": 19, "fields": {"name": "Can delete content type", "content_type": 5, "codename": "delete_contenttype"}}, {"model": "auth.permission", "pk": 20, "fields": {"name": "Can view content type", "content_type": 5, "codename": "view_contenttype"}}, {"model": "auth.permission", "pk": 21, "fields": {"name": "Can add session", "content_type": 6, "codename": "add_session"}}, {"model": "auth.permission", "pk": 22, "fields": {"name": "Can change session", "content_type": 6, "codename": "change_session"}}, {"model": "auth.permission", "pk": 23, "fields": {"name": "Can delete session", "content_type": 6, "codename": "delete_session"}}, {"model": "auth.permission", "pk": 24, "fields": {"name": "Can view session", "content_type": 6, "codename": "view_session"}}, {"model": "auth.permission", "pk": 25, "fields": {"name": "Can add answer", "content_type": 7, "codename": "add_answer"}}, {"model": "auth.permission", "pk": 26, "fields": {"name": "Can change answer", "content_type": 7, "codename": "change_answer"}}, {"model": "auth.permission", "pk": 27, "fields": {"name": "Can delete answer", "content_type": 7, "codename": "delete_answer"}}, {"model": "auth.permission", "pk": 28, "fields": {"name": "Can view answer", "content_type": 7, "codename": "view_answer"}}, {"model": "auth.permission", "pk": 29, "fields": {"name": "Can add user", "content_type": 8, "codename": "add_user"}}, {"model": "auth.permission", "pk": 30, "fields": {"name": "Can change user", "content_type": 8, "codename": "change_user"}}, {"model": "auth.permission", "pk": 31, "fields": {"name": "Can delete user", "content_type": 8, "codename": "delete_user"}}, {"model": "auth.permission", "pk": 32, "fields": {"name": "Can view user", "content_type": 8, "codename": "view_user"}}, {"model": "auth.permission", "pk": 33, "fields": {"name": "Can add survey", "content_type": 9, "codename": "add_survey"}}, {"model": "auth.permission", "pk": 34, "fields": {"name": "Can change survey", "content_type": 9, "codename": "change_survey"}}, {"model": "auth.permission", "pk": 35, "fields": {"name": "Can delete survey", "content_type": 9, "codename": "delete_survey"}}, {"model": "auth.permission", "pk": 36, "fields": {"name": "Can view survey", "content_type": 9, "codename": "view_survey"}}, {"model": "auth.permission", "pk": 37, "fields": {"name": "Can add question", "content_type": 10, "codename": "add_question"}}, {"model": "auth.permission", "pk": 38, "fields": {"name": "Can change question", "content_type": 10, "codename": "change_question"}}, {"model": "auth.permission", "pk": 39, "fields": {"name": "Can delete question", "content_type": 10, "codename": "delete_question"}}, {"model": "auth.permission", "pk": 40, "fields": {"name": "Can view question", "content_type": 10, "codename": "view_question"}}, {"model": "auth.permission", "pk": 41, "fields": {"name": "Can add user answer", "content_type": 11, "codename": "add_useranswer"}}, {"model": "auth.permission", "pk": 42, "fields": {"name": "Can change user answer", "content_type": 11, "codename": "change_useranswer"}}, {"model": "auth.permission", "pk": 43, "fields": {"name": "Can delete user answer", "content_type": 11, "codename": "delete_useranswer"}}, {"model": "auth.permission", "pk": 44, "fields": {"name": "Can view user answer", "content_type": 11, "codename": "view_useranswer"}}, {"model": "auth.user", "pk": 1, "fields": {"password": "pbkdf2_sha256$150000$Qv7ZT7dFEiq9$0ozSyOTDN211whz91DlT/le7rwchHNV2/i/GjZOM9ac=", "last_login": "2021-03-18T22:29:47.395Z", "is_superuser": true, "username": "admin", "first_name": "", "last_name": "", "email": "admin@localhost", "is_staff": true, "is_active": true, "date_joined": "2021-03-03T21:42:05.132Z", "groups": [], "user_permissions": []}}, {"model": "auth.user", "pk": 2, "fields": {"password": "pbkdf2_sha256$150000$SWWEJMIeS64m$3xn4zqLqMHkEB+AC2FJe7xuRoh9hGPsMJJkTjck5BE4=", "last_login": "2021-03-18T23:09:34.665Z", "is_superuser": true, "username": "marat", "first_name": "", "last_name": "", "email": "", "is_staff": true, "is_active": true, "date_joined": "2021-03-03T22:03:33Z", "groups": [], "user_permissions": []}}, {"model": "auth.user", "pk": 3, "fields": {"password": "pbkdf2_sha256$150000$UQjyGWtu4knP$9Lq8acBXxOce/hp/vZoX2whXHgELqvu2Cy/yTAGFLlA=", "last_login": "2021-03-18T22:54:10.649Z", "is_superuser": false, "username": "api", "first_name": "Admin", "last_name": "API", "email": "api@localhost.api", "is_staff": false, "is_active": true, "date_joined": "2021-03-08T18:46:45Z", "groups": [], "user_permissions": [25, 26, 27, 28, 37, 38, 39, 40, 33, 34, 35, 36, 29, 30, 31, 32, 41, 42, 43, 44]}}, {"model": "auth.user", "pk": 4, "fields": {"password": "pbkdf2_sha256$150000$0EIKcSf0PJaR$kzCbheozOSCooYoXeDX0U6KpylYWjgaQ20eBBewkoHw=", "last_login": "2021-03-12T09:38:00.936Z", "is_superuser": true, "username": "adm", "first_name": "", "last_name": "", "email": "asd@dsd.asd", "is_staff": true, "is_active": true, "date_joined": "2021-03-12T09:32:57.268Z", "groups": [], "user_permissions": []}}, {"model": "sessions.session", "pk": "6agzjki4g3bcrbmpgjisnbmxdvmrpvap", "fields": {"session_data": "ZGVmZDM0MmUxNzA5OTdlZjQ5YTk0NWEzM2NhMjRiYWZmY2Y2MjY3OTp7InVzZXJfc2Vzc2lvbiI6NDMsIl9hdXRoX3VzZXJfaWQiOiIyIiwiX2F1dGhfdXNlcl9iYWNrZW5kIjoiZGphbmdvLmNvbnRyaWIuYXV0aC5iYWNrZW5kcy5Nb2RlbEJhY2tlbmQiLCJfYXV0aF91c2VyX2hhc2giOiJjYzJlZTNlNWZiMzRjMzM0ZTljMjRmMzRjODJiOTExMjM2ZTVlYmIxIn0=", "expire_date": "2021-04-01T23:09:34.674Z"}}, {"model": "sessions.session", "pk": "cx8egme5syls217sgy0mlgxzc3vzgs2z", "fields": {"session_data": "ZTQ2MmE0NjQxOTI3ZWZmYTU3MWEyNTY2OGQwMDQ2NmNhOTQzYzhmNjp7InVzZXJfc2Vzc2lvbiI6NDR9", "expire_date": "2021-04-01T23:11:47.322Z"}}, {"model": "sessions.session", "pk": "h3tkyxjqptbtsxgxyh79qrrln4wgqh6c", "fields": {"session_data": "NzBkMzJlNTAzN2ZkOTQwZjY0YmQyYTMyM2YwNDEyZjA1MDI2YmE3ODp7InVzZXJfc2Vzc2lvbiI6NDV9", "expire_date": "2021-04-02T00:02:48.003Z"}}, {"model": "sessions.session", "pk": "nro3kbqix68p1mqdkb1tkzx14i9qjyau", "fields": {"session_data": "OGYyZDM1MjE3YTgyZTRhNDBmMjdlN2FkY2U0M2U1Yjg3NzEwMzFiOTp7InVzZXJfc2Vzc2lvbiI6NDZ9", "expire_date": "2021-04-03T09:43:15.747Z"}}, {"model": "api.survey", "pk": 3, "fields": {"name": "\u041e \u041f\u043e\u0433\u043e\u0434\u0435", "date_start": "2021-03-04T19:42:49Z", "date_end": "2021-03-16T19:42:52Z", "description": "\u043c\u043d\u0435\u043d\u0438\u0435 \u043f\u0440\u043e \u043f\u043e\u0433\u043e\u0434\u0443", "questions": [1, 2]}}, {"model": "api.survey", "pk": 4, "fields": {"name": "\u041e \u043f\u043e\u043b\u044c\u0437\u043e\u0432\u0430\u0442\u0435\u043b\u0435", "date_start": "2021-03-04T19:55:32Z", "date_end": "2021-03-24T19:55:35Z", "description": "\u0418\u043d\u0444\u043e\u0440\u043c\u0430\u0446\u0438\u044f \u043e \u043f\u043e\u043b\u044c\u0437\u043e\u0432\u0430\u0442\u0435\u043b\u0435", "questions": [1, 3, 4]}}, {"model": "api.survey", "pk": 5, "fields": {"name": "New \u043e\u043f\u0440\u043e\u0441", "date_start": "2021-03-11T21:21:00Z", "date_end": "2021-04-12T21:21:00Z", "description": "New \u043d\u0430  \u043e\u043f\u0440\u043e\u0441", "questions": [1, 2, 6, 34, 35]}}, {"model": "api.survey", "pk": 6, "fields": {"name": "\u041f\u0440\u043e\u04482", "date_start": "2021-03-04T23:21:40Z", "date_end": "2021-03-04T23:21:46Z", "description": "\u041f\u0440\u043e\u0448\u0435\u0434 2 \u043f\u0440\u043e\u0432\u0435\u0440\u043a\u0430", "questions": []}}, {"model": "api.survey", "pk": 7, "fields": {"name": "\u043f\u0440\u043e\u04483", "date_start": "2021-03-05T00:01:40Z", "date_end": "2021-03-05T00:01:42Z", "description": "\u043f\u0440\u043e\u04483 \u043f\u0440\u043e\u0432", "questions": []}}, {"model": "api.question", "pk": 1, "fields": {"question_text": "\u0412\u0430\u0448\u0435 \u0438\u043c\u044f?", "type_answer": "0", "answers": []}}, {"model": "api.question", "pk": 2, "fields": {"question_text": "\u0412\u0430\u0448\u0435 \u043b\u044e\u0431\u0438\u043c\u044b\u0435 \u0432\u0440\u0435\u043c\u0435\u043d\u0430 \u0433\u043e\u0434\u0430?", "type_answer": "2", "answers": [4, 5, 6, 7]}}, {"model": "api.question", "pk": 3, "fields": {"question_text": "\u0421\u0435\u043c\u0435\u0439\u043d\u043e\u0435 \u043f\u043e\u043b\u043e\u0436\u0435\u043d\u0438\u0435?", "type_answer": "1", "answers": [2, 3]}}, {"model": "api.question", "pk": 4, "fields": {"question_text": "\u0421\u043a\u043e\u043b\u044c\u043a\u043e \u0412\u0430\u043c \u043b\u0435\u0442?", "type_answer": "0", "answers": []}}, {"model": "api.question", "pk": 5, "fields": {"question_text": "\u041c\u0435\u0441\u0442\u043e \u0440\u0430\u0431\u043e\u0442\u044b?", "type_answer": "1", "answers": [3, 4]}}, {"model": "api.question", "pk": 6, "fields": {"question_text": "\u041a\u043e\u0433\u0434\u0430 \u0445\u043e\u043b\u043e\u0434\u043d\u0435\u0435 \u0432\u0441\u0435\u0433\u043e?", "type_answer": "1", "answers": [4, 5, 6, 7]}}, {"model": "api.question", "pk": 34, "fields": {"question_text": "\u044c\u044c\u044c\u044c\u044c\u044c\u044c\u044c\u044c\u044c\u044c", "type_answer": "0", "answers": []}}, {"model": "api.question", "pk": 35, "fields": {"question_text": "qqqqqqq", "type_answer": "1", "answers": [2, 3, 4]}}, {"model": "api.answer", "pk": 2, "fields": {"answer": "\u0414\u0430"}}, {"model": "api.answer", "pk": 3, "fields": {"answer": "\u041d\u0435\u0442"}}, {"model": "api.answer", "pk": 4, "fields": {"answer": "\u0417\u0438\u043c\u0430"}}, {"model": "api.answer", "pk": 5, "fields": {"answer": "\u0412\u0435\u0441\u043d\u0430"}}, {"model": "api.answer", "pk": 6, "fields": {"answer": "\u041b\u0435\u0442\u043e"}}, {"model": "api.answer", "pk": 7, "fields": {"answer": "\u041e\u0441\u0435\u043d\u044c"}}, {"model": "api.answer", "pk": 9, "fields": {"answer": "Goga"}}, {"model": "api.answer", "pk": 10, "fields": {"answer": "\u0412\u0430\u0441\u044f"}}, {"model": "api.answer", "pk": 30, "fields": {"answer": "My name is John"}}, {"model": "api.answer", "pk": 31, "fields": {"answer": "pppp"}}, {"model": "api.answer", "pk": 32, "fields": {"answer": "pppp11"}}, {"model": "api.answer", "pk": 33, "fields": {"answer": "My name Jack"}}, {"model": "api.user", "pk": 33, "fields": {"name": "admin"}}, {"model": "api.user", "pk": 34, "fields": {"name": "admin"}}, {"model": "api.user", "pk": 35, "fields": {"name": "AnonymousUser"}}, {"model": "api.user", "pk": 36, "fields": {"name": "AnonymousUser"}}, {"model": "api.user", "pk": 37, "fields": {"name": "admin"}}, {"model": "api.user", "pk": 39, "fields": {"name": "marat"}}, {"model": "api.user", "pk": 40, "fields": {"name": "api"}}, {"model": "api.user", "pk": 41, "fields": {"name": "marat"}}, {"model": "api.user", "pk": 42, "fields": {"name": "marat"}}, {"model": "api.user", "pk": 43, "fields": {"name": "marat"}}, {"model": "api.user", "pk": 44, "fields": {"name": "AnonymousUser"}}, {"model": "api.user", "pk": 45, "fields": {"name": "AnonymousUser"}}, {"model": "api.user", "pk": 46, "fields": {"name": "AnonymousUser"}}, {"model": "api.useranswer", "pk": 98, "fields": {"user": 45, "survey": 5, "question": 35, "answer": [2]}}, {"model": "api.useranswer", "pk": 99, "fields": {"user": 45, "survey": 5, "question": 1, "answer": [30]}}, {"model": "api.useranswer", "pk": 100, "fields": {"user": 45, "survey": 5, "question": 2, "answer": [4, 5]}}, {"model": "api.useranswer", "pk": 101, "fields": {"user": 45, "survey": 5, "question": 6, "answer": [4]}}, {"model": "api.useranswer", "pk": 102, "fields": {"user": 45, "survey": 5, "question": 34, "answer": [31]}}, {"model": "api.useranswer", "pk": 103, "fields": {"user": 45, "survey": 5, "question": 1, "answer": []}}, {"model": "api.useranswer", "pk": 104, "fields": {"user": 43, "survey": 5, "question": 1, "answer": []}}, {"model": "api.useranswer", "pk": 105, "fields": {"user": 43, "survey": 4, "question": 1, "answer": []}}, {"model": "admin.logentry", "pk": 1, "fields": {"action_time": "2021-03-03T22:03:34.161Z", "user": 1, "content_type": 4, "object_id": "2", "object_repr": "marat", "action_flag": 1, "change_message": "[{\"added\": {}}]"}}, {"model": "admin.logentry", "pk": 2, "fields": {"action_time": "2021-03-03T22:04:10.802Z", "user": 1, "content_type": 4, "object_id": "2", "object_repr": "marat", "action_flag": 2, "change_message": "[{\"changed\": {\"fields\": [\"is_staff\", \"is_superuser\"]}}]"}}, {"model": "admin.logentry", "pk": 3, "fields": {"action_time": "2021-03-04T16:22:05.677Z", "user": 2, "content_type": 7, "object_id": "1", "object_repr": "\u0412\u043e\u0437\u043c\u043e\u0436\u043d\u043e", "action_flag": 1, "change_message": "[{\"added\": {}}]"}}, {"model": "admin.logentry", "pk": 4, "fields": {"action_time": "2021-03-04T16:22:14.460Z", "user": 2, "content_type": 7, "object_id": "2", "object_repr": "\u041d\u0435 \u0441\u043e\u0432\u0441\u0435\u043c \u043f\u0440\u0430\u0432\u0438\u043b\u044c\u043d\u043e", "action_flag": 1, "change_message": "[{\"added\": {}}]"}}, {"model": "admin.logentry", "pk": 5, "fields": {"action_time": "2021-03-04T16:22:28.076Z", "user": 2, "content_type": 7, "object_id": "3", "object_repr": "\u0422\u0430\u043a \u043d\u0435 \u0434\u0443\u043c\u0430\u044e", "action_flag": 1, "change_message": "[{\"added\": {}}]"}}, {"model": "admin.logentry", "pk": 6, "fields": {"action_time": "2021-03-04T16:22:41.215Z", "user": 2, "content_type": 7, "object_id": "4", "object_repr": "\u041d\u0435\u0439\u0442\u0440\u0430\u043b\u044c\u043d\u043e", "action_flag": 1, "change_message": "[{\"added\": {}}]"}}, {"model": "admin.logentry", "pk": 7, "fields": {"action_time": "2021-03-04T16:24:57.845Z", "user": 2, "content_type": 9, "object_id": "1", "object_repr": "\u041b\u0438\u0447\u043d\u044b\u0435 \u0434\u0430\u043d\u043d\u044b\u0435", "action_flag": 1, "change_message": "[{\"added\": {}}]"}}, {"model": "admin.logentry", "pk": 8, "fields": {"action_time": "2021-03-04T16:25:44.975Z", "user": 2, "content_type": 9, "object_id": "2", "object_repr": "\u041e \u041f\u043e\u0433\u043e\u0434\u0435", "action_flag": 1, "change_message": "[{\"added\": {}}]"}}, {"model": "admin.logentry", "pk": 9, "fields": {"action_time": "2021-03-04T16:47:26.272Z", "user": 2, "content_type": 10, "object_id": "1", "object_repr": "\u0412\u0430\u0448\u0435 \u0438\u043c\u044f?", "action_flag": 1, "change_message": "[{\"added\": {}}]"}}, {"model": "admin.logentry", "pk": 10, "fields": {"action_time": "2021-03-04T16:52:38.745Z", "user": 2, "content_type": 10, "object_id": "2", "object_repr": "\u0421\u043a\u043e\u043b\u044c\u043a\u043e \u0412\u0430\u043c \u043b\u0435\u0442?", "action_flag": 1, "change_message": "[{\"added\": {}}]"}}, {"model": "admin.logentry", "pk": 11, "fields": {"action_time": "2021-03-04T16:53:23.372Z", "user": 2, "content_type": 7, "object_id": "5", "object_repr": "\u0416\u0435\u043d\u0430\u0442, \u0437\u0430\u043c\u0443\u0436\u0435\u043c", "action_flag": 1, "change_message": "[{\"added\": {}}]"}}, {"model": "admin.logentry", "pk": 12, "fields": {"action_time": "2021-03-04T16:53:41.954Z", "user": 2, "content_type": 7, "object_id": "6", "object_repr": "\u041d\u0435\u0442", "action_flag": 1, "change_message": "[{\"added\": {}}]"}}, {"model": "admin.logentry", "pk": 13, "fields": {"action_time": "2021-03-04T16:53:52.057Z", "user": 2, "content_type": 7, "object_id": "7", "object_repr": "\u0414\u0430", "action_flag": 1, "change_message": "[{\"added\": {}}]"}}, {"model": "admin.logentry", "pk": 14, "fields": {"action_time": "2021-03-04T16:54:06.496Z", "user": 2, "content_type": 7, "object_id": "8", "object_repr": "\u0420\u0430\u0437\u0432\u0435\u0434\u0435\u043d(\u0430)", "action_flag": 1, "change_message": "[{\"added\": {}}]"}}, {"model": "admin.logentry", "pk": 15, "fields": {"action_time": "2021-03-04T16:55:10.956Z", "user": 2, "content_type": 10, "object_id": "3", "object_repr": "\u0421\u0435\u043c\u0435\u0439\u043d\u043e\u0435 \u043f\u043e\u043b\u043e\u0436\u0435\u043d\u0438\u0435?", "action_flag": 1, "change_message": "[{\"added\": {}}]"}}, {"model": "admin.logentry", "pk": 16, "fields": {"action_time": "2021-03-04T16:55:51.166Z", "user": 2, "content_type": 10, "object_id": "1", "object_repr": "\u0412\u0430\u0448\u0435 \u0438\u043c\u044f?", "action_flag": 2, "change_message": "[{\"changed\": {\"fields\": [\"answers\"]}}]"}}, {"model": "admin.logentry", "pk": 17, "fields": {"action_time": "2021-03-04T16:56:44.210Z", "user": 2, "content_type": 10, "object_id": "3", "object_repr": "\u0421\u0435\u043c\u0435\u0439\u043d\u043e\u0435 \u043f\u043e\u043b\u043e\u0436\u0435\u043d\u0438\u0435?", "action_flag": 2, "change_message": "[{\"changed\": {\"fields\": [\"answers\"]}}]"}}, {"model": "admin.logentry", "pk": 18, "fields": {"action_time": "2021-03-04T16:57:12.009Z", "user": 2, "content_type": 10, "object_id": "3", "object_repr": "\u0421\u0435\u043c\u0435\u0439\u043d\u043e\u0435 \u043f\u043e\u043b\u043e\u0436\u0435\u043d\u0438\u0435?", "action_flag": 2, "change_message": "[{\"changed\": {\"fields\": [\"type_question\"]}}]"}}, {"model": "admin.logentry", "pk": 19, "fields": {"action_time": "2021-03-04T17:02:05.959Z", "user": 2, "content_type": 7, "object_id": "9", "object_repr": "\u0412\u0435\u0441\u043d\u0430", "action_flag": 1, "change_message": "[{\"added\": {}}]"}}, {"model": "admin.logentry", "pk": 20, "fields": {"action_time": "2021-03-04T17:02:20.506Z", "user": 2, "content_type": 7, "object_id": "10", "object_repr": "\u0417\u0438\u043c\u0430", "action_flag": 1, "change_message": "[{\"added\": {}}]"}}, {"model": "admin.logentry", "pk": 21, "fields": {"action_time": "2021-03-04T17:02:28.840Z", "user": 2, "content_type": 7, "object_id": "11", "object_repr": "\u041b\u0435\u0442\u043e", "action_flag": 1, "change_message": "[{\"added\": {}}]"}}, {"model": "admin.logentry", "pk": 22, "fields": {"action_time": "2021-03-04T17:02:48.176Z", "user": 2, "content_type": 7, "object_id": "12", "object_repr": "\u041e\u0441\u0435\u043d\u044c", "action_flag": 1, "change_message": "[{\"added\": {}}]"}}, {"model": "admin.logentry", "pk": 23, "fields": {"action_time": "2021-03-04T17:02:58.891Z", "user": 2, "content_type": 10, "object_id": "4", "object_repr": "\u041a\u0430\u043a\u043e\u0435 \u0432\u0440\u0435\u043c\u044f \u0433\u043e\u0434\u0430 \u0432\u0430\u043c \u043d\u0440\u0430\u0432\u0438\u0442\u044c\u0441\u044f?", "action_flag": 1, "change_message": "[{\"added\": {}}]"}}, {"model": "admin.logentry", "pk": 24, "fields": {"action_time": "2021-03-04T17:15:27.095Z", "user": 2, "content_type": 10, "object_id": "1", "object_repr": "\u0412\u0430\u0448\u0435 \u0438\u043c\u044f?", "action_flag": 3, "change_message": ""}}, {"model": "admin.logentry", "pk": 25, "fields": {"action_time": "2021-03-04T17:15:27.101Z", "user": 2, "content_type": 10, "object_id": "4", "object_repr": "\u041a\u0430\u043a\u043e\u0435 \u0432\u0440\u0435\u043c\u044f \u0433\u043e\u0434\u0430 \u0432\u0430\u043c \u043d\u0440\u0430\u0432\u0438\u0442\u044c\u0441\u044f?", "action_flag": 3, "change_message": ""}}, {"model": "admin.logentry", "pk": 26, "fields": {"action_time": "2021-03-04T17:15:27.107Z", "user": 2, "content_type": 10, "object_id": "3", "object_repr": "\u0421\u0435\u043c\u0435\u0439\u043d\u043e\u0435 \u043f\u043e\u043b\u043e\u0436\u0435\u043d\u0438\u0435?", "action_flag": 3, "change_message": ""}}, {"model": "admin.logentry", "pk": 27, "fields": {"action_time": "2021-03-04T17:15:27.113Z", "user": 2, "content_type": 10, "object_id": "2", "object_repr": "\u0421\u043a\u043e\u043b\u044c\u043a\u043e \u0412\u0430\u043c \u043b\u0435\u0442?", "action_flag": 3, "change_message": ""}}, {"model": "admin.logentry", "pk": 28, "fields": {"action_time": "2021-03-04T17:15:39.494Z", "user": 2, "content_type": 9, "object_id": "1", "object_repr": "\u041b\u0438\u0447\u043d\u044b\u0435 \u0434\u0430\u043d\u043d\u044b\u0435", "action_flag": 3, "change_message": ""}}, {"model": "admin.logentry", "pk": 29, "fields": {"action_time": "2021-03-04T17:15:39.499Z", "user": 2, "content_type": 9, "object_id": "2", "object_repr": "\u041e \u041f\u043e\u0433\u043e\u0434\u0435", "action_flag": 3, "change_message": ""}}, {"model": "admin.logentry", "pk": 30, "fields": {"action_time": "2021-03-04T17:15:50.436Z", "user": 2, "content_type": 7, "object_id": "9", "object_repr": "\u0412\u0435\u0441\u043d\u0430", "action_flag": 3, "change_message": ""}}, {"model": "admin.logentry", "pk": 31, "fields": {"action_time": "2021-03-04T17:15:50.444Z", "user": 2, "content_type": 7, "object_id": "1", "object_repr": "\u0412\u043e\u0437\u043c\u043e\u0436\u043d\u043e", "action_flag": 3, "change_message": ""}}, {"model": "admin.logentry", "pk": 32, "fields": {"action_time": "2021-03-04T17:15:50.455Z", "user": 2, "content_type": 7, "object_id": "7", "object_repr": "\u0414\u0430", "action_flag": 3, "change_message": ""}}, {"model": "admin.logentry", "pk": 33, "fields": {"action_time": "2021-03-04T17:15:50.465Z", "user": 2, "content_type": 7, "object_id": "5", "object_repr": "\u0416\u0435\u043d\u0430\u0442, \u0437\u0430\u043c\u0443\u0436\u0435\u043c", "action_flag": 3, "change_message": ""}}, {"model": "admin.logentry", "pk": 34, "fields": {"action_time": "2021-03-04T17:15:50.473Z", "user": 2, "content_type": 7, "object_id": "10", "object_repr": "\u0417\u0438\u043c\u0430", "action_flag": 3, "change_message": ""}}, {"model": "admin.logentry", "pk": 35, "fields": {"action_time": "2021-03-04T17:15:50.482Z", "user": 2, "content_type": 7, "object_id": "11", "object_repr": "\u041b\u0435\u0442\u043e", "action_flag": 3, "change_message": ""}}, {"model": "admin.logentry", "pk": 36, "fields": {"action_time": "2021-03-04T17:15:50.496Z", "user": 2, "content_type": 7, "object_id": "2", "object_repr": "\u041d\u0435 \u0441\u043e\u0432\u0441\u0435\u043c \u043f\u0440\u0430\u0432\u0438\u043b\u044c\u043d\u043e", "action_flag": 3, "change_message": ""}}, {"model": "admin.logentry", "pk": 37, "fields": {"action_time": "2021-03-04T17:15:50.504Z", "user": 2, "content_type": 7, "object_id": "4", "object_repr": "\u041d\u0435\u0439\u0442\u0440\u0430\u043b\u044c\u043d\u043e", "action_flag": 3, "change_message": ""}}, {"model": "admin.logentry", "pk": 38, "fields": {"action_time": "2021-03-04T17:15:50.517Z", "user": 2, "content_type": 7, "object_id": "6", "object_repr": "\u041d\u0435\u0442", "action_flag": 3, "change_message": ""}}, {"model": "admin.logentry", "pk": 39, "fields": {"action_time": "2021-03-04T17:15:50.524Z", "user": 2, "content_type": 7, "object_id": "12", "object_repr": "\u041e\u0441\u0435\u043d\u044c", "action_flag": 3, "change_message": ""}}, {"model": "admin.logentry", "pk": 40, "fields": {"action_time": "2021-03-04T17:15:50.531Z", "user": 2, "content_type": 7, "object_id": "8", "object_repr": "\u0420\u0430\u0437\u0432\u0435\u0434\u0435\u043d(\u0430)", "action_flag": 3, "change_message": ""}}, {"model": "admin.logentry", "pk": 41, "fields": {"action_time": "2021-03-04T17:15:50.537Z", "user": 2, "content_type": 7, "object_id": "3", "object_repr": "\u0422\u0430\u043a \u043d\u0435 \u0434\u0443\u043c\u0430\u044e", "action_flag": 3, "change_message": ""}}, {"model": "admin.logentry", "pk": 42, "fields": {"action_time": "2021-03-04T19:41:56.450Z", "user": 2, "content_type": 10, "object_id": "1", "object_repr": "Crjkmrj ddfv tktk", "action_flag": 1, "change_message": "[{\"added\": {}}]"}}, {"model": "admin.logentry", "pk": 43, "fields": {"action_time": "2021-03-04T19:42:08.517Z", "user": 2, "content_type": 10, "object_id": "2", "object_repr": "11212esdsdds", "action_flag": 1, "change_message": "[{\"added\": {}}]"}}, {"model": "admin.logentry", "pk": 44, "fields": {"action_time": "2021-03-04T19:42:55.199Z", "user": 2, "content_type": 9, "object_id": "3", "object_repr": "zzzz", "action_flag": 1, "change_message": "[{\"added\": {}}]"}}, {"model": "admin.logentry", "pk": 45, "fields": {"action_time": "2021-03-04T19:52:43.735Z", "user": 2, "content_type": 7, "object_id": "1", "object_repr": "\u0417\u0438\u043c\u0430", "action_flag": 1, "change_message": "[{\"added\": {}}]"}}, {"model": "admin.logentry", "pk": 46, "fields": {"action_time": "2021-03-04T19:52:48.963Z", "user": 2, "content_type": 7, "object_id": "2", "object_repr": "\u0412\u0435\u0441\u043d\u0430", "action_flag": 1, "change_message": "[{\"added\": {}}]"}}, {"model": "admin.logentry", "pk": 47, "fields": {"action_time": "2021-03-04T19:52:53.509Z", "user": 2, "content_type": 7, "object_id": "3", "object_repr": "\u041b\u0435\u0442\u043e", "action_flag": 1, "change_message": "[{\"added\": {}}]"}}, {"model": "admin.logentry", "pk": 48, "fields": {"action_time": "2021-03-04T19:52:57.488Z", "user": 2, "content_type": 7, "object_id": "4", "object_repr": "\u041e\u0441\u0435\u043d\u044c", "action_flag": 1, "change_message": "[{\"added\": {}}]"}}, {"model": "admin.logentry", "pk": 49, "fields": {"action_time": "2021-03-04T19:52:59.101Z", "user": 2, "content_type": 7, "object_id": "5", "object_repr": "", "action_flag": 1, "change_message": "[{\"added\": {}}]"}}, {"model": "admin.logentry", "pk": 50, "fields": {"action_time": "2021-03-04T19:53:52.234Z", "user": 2, "content_type": 10, "object_id": "2", "object_repr": "\u041a\u0430\u043a\u043e\u0435 \u0432\u0440\u0435\u043c\u044f \u0433\u043e\u0434\u0430 \u0432\u0430\u043c \u043d\u0440\u0430\u0432\u0438\u0442\u044c\u0441\u044f?", "action_flag": 2, "change_message": "[{\"changed\": {\"fields\": [\"question_text\", \"answers\"]}}]"}}, {"model": "admin.logentry", "pk": 51, "fields": {"action_time": "2021-03-04T19:54:13.737Z", "user": 2, "content_type": 10, "object_id": "1", "object_repr": "\u0412\u0430\u0448\u0435 \u0418\u043c\u044f?", "action_flag": 2, "change_message": "[{\"changed\": {\"fields\": [\"question_text\", \"answers\"]}}]"}}, {"model": "admin.logentry", "pk": 52, "fields": {"action_time": "2021-03-04T19:55:03.663Z", "user": 2, "content_type": 9, "object_id": "3", "object_repr": "\u041e \u041f\u043e\u0433\u043e\u0434\u0435", "action_flag": 2, "change_message": "[{\"changed\": {\"fields\": [\"name\", \"description\"]}}]"}}, {"model": "admin.logentry", "pk": 53, "fields": {"action_time": "2021-03-04T19:56:57.716Z", "user": 2, "content_type": 10, "object_id": "3", "object_repr": "\u0421\u043a\u043e\u043b\u044c\u043a\u043e \u0432\u0430\u043c \u043b\u0435\u0442?", "action_flag": 1, "change_message": "[{\"added\": {}}]"}}, {"model": "admin.logentry", "pk": 54, "fields": {"action_time": "2021-03-04T19:58:47.208Z", "user": 2, "content_type": 7, "object_id": "6", "object_repr": "\u041d\u0435 \u0436\u0435\u043d\u0430\u0442(\u043d\u0435 \u0437\u0430\u043c\u0443\u0436\u0435\u043c)", "action_flag": 1, "change_message": "[{\"added\": {}}]"}}, {"model": "admin.logentry", "pk": 55, "fields": {"action_time": "2021-03-04T19:59:13.529Z", "user": 2, "content_type": 7, "object_id": "7", "object_repr": "\u0416\u0435\u043d\u0430\u0442(\u0417\u0430\u043c\u0443\u0436\u0435\u043c)", "action_flag": 1, "change_message": "[{\"added\": {}}]"}}, {"model": "admin.logentry", "pk": 56, "fields": {"action_time": "2021-03-04T19:59:33.198Z", "user": 2, "content_type": 7, "object_id": "8", "object_repr": "\u0420\u0430\u0437\u0432\u0435\u0434\u0435\u043d(\u0430)", "action_flag": 1, "change_message": "[{\"added\": {}}]"}}, {"model": "admin.logentry", "pk": 57, "fields": {"action_time": "2021-03-04T19:59:49.832Z", "user": 2, "content_type": 10, "object_id": "4", "object_repr": "\u0421\u0435\u043c\u0435\u0439\u043d\u043e\u0435 \u043f\u043e\u043b\u043e\u0436\u0435\u043d\u0438\u0435?", "action_flag": 1, "change_message": "[{\"added\": {}}]"}}, {"model": "admin.logentry", "pk": 58, "fields": {"action_time": "2021-03-04T20:00:03.808Z", "user": 2, "content_type": 9, "object_id": "4", "object_repr": "\u041e \u043f\u043e\u043b\u044c\u0437\u043e\u0432\u0430\u0442\u0435\u043b\u0435", "action_flag": 1, "change_message": "[{\"added\": {}}]"}}, {"model": "admin.logentry", "pk": 59, "fields": {"action_time": "2021-03-04T20:24:50.291Z", "user": 2, "content_type": 8, "object_id": "1", "object_repr": "as", "action_flag": 1, "change_message": "[{\"added\": {}}]"}}, {"model": "admin.logentry", "pk": 60, "fields": {"action_time": "2021-03-04T20:27:34.793Z", "user": 2, "content_type": 8, "object_id": "1", "object_repr": "as", "action_flag": 3, "change_message": ""}}, {"model": "admin.logentry", "pk": 61, "fields": {"action_time": "2021-03-04T20:28:16.555Z", "user": 2, "content_type": 8, "object_id": "1", "object_repr": "", "action_flag": 1, "change_message": "[{\"added\": {}}]"}}, {"model": "admin.logentry", "pk": 62, "fields": {"action_time": "2021-03-04T20:28:30.935Z", "user": 2, "content_type": 8, "object_id": "2", "object_repr": "as", "action_flag": 1, "change_message": "[{\"added\": {}}]"}}, {"model": "admin.logentry", "pk": 63, "fields": {"action_time": "2021-03-04T20:31:01.373Z", "user": 2, "content_type": 8, "object_id": "1", "object_repr": "", "action_flag": 3, "change_message": ""}}, {"model": "admin.logentry", "pk": 64, "fields": {"action_time": "2021-03-04T20:31:01.378Z", "user": 2, "content_type": 8, "object_id": "2", "object_repr": "as", "action_flag": 3, "change_message": ""}}, {"model": "admin.logentry", "pk": 65, "fields": {"action_time": "2021-03-04T20:34:30.675Z", "user": 2, "content_type": 8, "object_id": "1", "object_repr": "", "action_flag": 1, "change_message": "[{\"added\": {}}]"}}, {"model": "admin.logentry", "pk": 66, "fields": {"action_time": "2021-03-04T21:00:26.761Z", "user": 2, "content_type": 11, "object_id": "1", "object_repr": "UserAnswer object (1)", "action_flag": 1, "change_message": "[{\"added\": {}}]"}}, {"model": "admin.logentry", "pk": 67, "fields": {"action_time": "2021-03-04T21:55:43.234Z", "user": 2, "content_type": 7, "object_id": "9", "object_repr": "\u041c\u0435\u043d\u044f \u0437\u043e\u0432\u0443\u0442 \u041c\u0430\u0440\u0430\u0442", "action_flag": 1, "change_message": "[{\"added\": {}}]"}}, {"model": "admin.logentry", "pk": 68, "fields": {"action_time": "2021-03-04T21:55:47.777Z", "user": 2, "content_type": 11, "object_id": "1", "object_repr": "UserAnswer object (1)", "action_flag": 2, "change_message": "[{\"changed\": {\"fields\": [\"answer\"]}}]"}}, {"model": "admin.logentry", "pk": 69, "fields": {"action_time": "2021-03-04T21:57:27.325Z", "user": 2, "content_type": 7, "object_id": "10", "object_repr": "47", "action_flag": 1, "change_message": "[{\"added\": {}}]"}}, {"model": "admin.logentry", "pk": 70, "fields": {"action_time": "2021-03-04T21:57:49.240Z", "user": 2, "content_type": 11, "object_id": "2", "object_repr": "UserAnswer object (2)", "action_flag": 1, "change_message": "[{\"added\": {}}]"}}, {"model": "admin.logentry", "pk": 71, "fields": {"action_time": "2021-03-04T22:02:24.825Z", "user": 2, "content_type": 8, "object_id": "2", "object_repr": "2", "action_flag": 1, "change_message": "[{\"added\": {}}]"}}, {"model": "admin.logentry", "pk": 72, "fields": {"action_time": "2021-03-04T22:05:44.100Z", "user": 2, "content_type": 10, "object_id": "5", "object_repr": "\u041a\u043e\u0433\u0434\u0430 \u0442\u0435\u043f\u043b\u0435\u0435 \u0432\u0441\u0435\u0433\u043e?", "action_flag": 1, "change_message": "[{\"added\": {}}]"}}, {"model": "admin.logentry", "pk": 73, "fields": {"action_time": "2021-03-04T22:05:58.940Z", "user": 2, "content_type": 9, "object_id": "3", "object_repr": "\u041e \u041f\u043e\u0433\u043e\u0434\u0435", "action_flag": 2, "change_message": "[{\"changed\": {\"fields\": [\"questions\"]}}]"}}, {"model": "admin.logentry", "pk": 74, "fields": {"action_time": "2021-03-04T22:07:48.166Z", "user": 2, "content_type": 11, "object_id": "3", "object_repr": "UserAnswer object (3)", "action_flag": 1, "change_message": "[{\"added\": {}}]"}}, {"model": "admin.logentry", "pk": 75, "fields": {"action_time": "2021-03-04T22:48:36.984Z", "user": 2, "content_type": 9, "object_id": "5", "object_repr": "\u041f\u0440\u043e\u0448\u0435\u0434\u0448\u0438\u0439 \u043e\u043f\u0440\u043e\u0441", "action_flag": 1, "change_message": "[{\"added\": {}}]"}}, {"model": "admin.logentry", "pk": 76, "fields": {"action_time": "2021-03-04T23:21:59.686Z", "user": 2, "content_type": 9, "object_id": "6", "object_repr": "\u041f\u0440\u043e\u04482", "action_flag": 1, "change_message": "[{\"added\": {}}]"}}, {"model": "admin.logentry", "pk": 77, "fields": {"action_time": "2021-03-05T00:01:54.468Z", "user": 2, "content_type": 9, "object_id": "7", "object_repr": "\u043f\u0440\u043e\u04483", "action_flag": 1, "change_message": "[{\"added\": {}}]"}}, {"model": "admin.logentry", "pk": 78, "fields": {"action_time": "2021-03-05T23:01:10.264Z", "user": 1, "content_type": 10, "object_id": "6", "object_repr": "\u0422\u0432\u043e\u0435 \u0445\u043e\u0431\u0431\u0438?", "action_flag": 1, "change_message": "[{\"added\": {}}]"}}, {"model": "admin.logentry", "pk": 79, "fields": {"action_time": "2021-03-05T23:03:15.252Z", "user": 1, "content_type": 10, "object_id": "7", "object_repr": "\u041c\u0435\u0441\u0442\u043e \u0442\u0432\u043e\u0435\u0439 \u0440\u0430\u0431\u043e\u0442\u044b?", "action_flag": 1, "change_message": "[{\"added\": {}}]"}}, {"model": "admin.logentry", "pk": 80, "fields": {"action_time": "2021-03-06T18:28:16.848Z", "user": 1, "content_type": 11, "object_id": "4", "object_repr": "UserAnswer object (4)", "action_flag": 1, "change_message": "[{\"added\": {}}]"}}, {"model": "admin.logentry", "pk": 81, "fields": {"action_time": "2021-03-06T18:29:10.744Z", "user": 1, "content_type": 7, "object_id": "11", "object_repr": "", "action_flag": 1, "change_message": "[{\"added\": {}}]"}}, {"model": "admin.logentry", "pk": 82, "fields": {"action_time": "2021-03-06T18:29:16.852Z", "user": 1, "content_type": 11, "object_id": "4", "object_repr": "UserAnswer object (4)", "action_flag": 2, "change_message": "[{\"changed\": {\"fields\": [\"answer\"]}}]"}}, {"model": "admin.logentry", "pk": 83, "fields": {"action_time": "2021-03-06T20:57:43.078Z", "user": 1, "content_type": 10, "object_id": "8", "object_repr": "\u0447\u0442\u043e \u0432\u044b \u0434\u0435\u043b\u0430\u0435\u0442\u0435 \u0437\u0438\u043c\u043e\u0439?", "action_flag": 1, "change_message": "[{\"added\": {}}]"}}, {"model": "admin.logentry", "pk": 84, "fields": {"action_time": "2021-03-06T21:03:09.492Z", "user": 1, "content_type": 10, "object_id": "9", "object_repr": "\u0427\u0442\u043e \u0437\u0438\u043c\u043e\u0439?", "action_flag": 1, "change_message": "[{\"added\": {}}]"}}, {"model": "admin.logentry", "pk": 85, "fields": {"action_time": "2021-03-06T21:04:12.435Z", "user": 1, "content_type": 11, "object_id": "4", "object_repr": "UserAnswer object (4)", "action_flag": 2, "change_message": "[{\"changed\": {\"fields\": [\"answer\"]}}]"}}, {"model": "admin.logentry", "pk": 86, "fields": {"action_time": "2021-03-06T21:04:49.759Z", "user": 1, "content_type": 11, "object_id": "4", "object_repr": "UserAnswer object (4)", "action_flag": 2, "change_message": "[{\"changed\": {\"fields\": [\"answer\"]}}]"}}, {"model": "admin.logentry", "pk": 87, "fields": {"action_time": "2021-03-06T21:05:31.096Z", "user": 1, "content_type": 7, "object_id": "11", "object_repr": "", "action_flag": 3, "change_message": ""}}, {"model": "admin.logentry", "pk": 88, "fields": {"action_time": "2021-03-06T21:06:01.818Z", "user": 1, "content_type": 7, "object_id": "5", "object_repr": "", "action_flag": 3, "change_message": ""}}, {"model": "admin.logentry", "pk": 89, "fields": {"action_time": "2021-03-06T21:06:47.828Z", "user": 1, "content_type": 10, "object_id": "3", "object_repr": "\u0421\u043a\u043e\u043b\u044c\u043a\u043e \u0432\u0430\u043c \u043b\u0435\u0442?", "action_flag": 2, "change_message": "[]"}}, {"model": "admin.logentry", "pk": 90, "fields": {"action_time": "2021-03-06T21:13:18.203Z", "user": 1, "content_type": 10, "object_id": "10", "object_repr": "\u0432\u044b\u0432\u044b\u0432", "action_flag": 1, "change_message": "[{\"added\": {}}]"}}, {"model": "admin.logentry", "pk": 91, "fields": {"action_time": "2021-03-06T21:13:39.607Z", "user": 1, "content_type": 10, "object_id": "10", "object_repr": "\u0432\u044b\u0432\u044b\u0432", "action_flag": 3, "change_message": ""}}, {"model": "admin.logentry", "pk": 92, "fields": {"action_time": "2021-03-07T16:33:04.179Z", "user": 1, "content_type": 7, "object_id": "1", "object_repr": "", "action_flag": 1, "change_message": "[{\"added\": {}}]"}}, {"model": "admin.logentry", "pk": 93, "fields": {"action_time": "2021-03-07T16:34:33.852Z", "user": 1, "content_type": 10, "object_id": "1", "object_repr": "\u0412\u0430\u0448\u0435 \u0438\u043c\u044f?", "action_flag": 1, "change_message": "[{\"added\": {}}]"}}, {"model": "admin.logentry", "pk": 94, "fields": {"action_time": "2021-03-07T16:34:45.239Z", "user": 1, "content_type": 7, "object_id": "2", "object_repr": "\u0414\u0430", "action_flag": 1, "change_message": "[{\"added\": {}}]"}}, {"model": "admin.logentry", "pk": 95, "fields": {"action_time": "2021-03-07T16:34:49.087Z", "user": 1, "content_type": 7, "object_id": "3", "object_repr": "\u041d\u0435\u0442", "action_flag": 1, "change_message": "[{\"added\": {}}]"}}, {"model": "admin.logentry", "pk": 96, "fields": {"action_time": "2021-03-07T16:34:54.493Z", "user": 1, "content_type": 7, "object_id": "4", "object_repr": "\u0417\u0438\u043c\u0430", "action_flag": 1, "change_message": "[{\"added\": {}}]"}}, {"model": "admin.logentry", "pk": 97, "fields": {"action_time": "2021-03-07T16:34:59.386Z", "user": 1, "content_type": 7, "object_id": "5", "object_repr": "\u0412\u0435\u0441\u043d\u0430", "action_flag": 1, "change_message": "[{\"added\": {}}]"}}, {"model": "admin.logentry", "pk": 98, "fields": {"action_time": "2021-03-07T16:35:03.402Z", "user": 1, "content_type": 7, "object_id": "6", "object_repr": "\u041b\u0435\u0442\u043e", "action_flag": 1, "change_message": "[{\"added\": {}}]"}}, {"model": "admin.logentry", "pk": 99, "fields": {"action_time": "2021-03-07T16:35:12.343Z", "user": 1, "content_type": 7, "object_id": "7", "object_repr": "\u041e\u0441\u0435\u043d\u044c", "action_flag": 1, "change_message": "[{\"added\": {}}]"}}, {"model": "admin.logentry", "pk": 100, "fields": {"action_time": "2021-03-07T16:49:26.435Z", "user": 1, "content_type": 10, "object_id": "2", "object_repr": "\u0412\u0430\u0448\u0435 \u043b\u044e\u0431\u0438\u043c\u044b\u0435 \u0432\u0440\u0435\u043c\u0435\u043d\u0430 \u0433\u043e\u0434\u0430?", "action_flag": 1, "change_message": "[{\"added\": {}}]"}}, {"model": "admin.logentry", "pk": 101, "fields": {"action_time": "2021-03-07T16:51:55.649Z", "user": 1, "content_type": 10, "object_id": "3", "object_repr": "\u0421\u0435\u043c\u0435\u0439\u043d\u043e\u0435 \u043f\u043e\u043b\u043e\u0436\u0435\u043d\u0438\u0435?", "action_flag": 1, "change_message": "[{\"added\": {}}]"}}, {"model": "admin.logentry", "pk": 102, "fields": {"action_time": "2021-03-07T16:52:13.460Z", "user": 1, "content_type": 9, "object_id": "4", "object_repr": "\u041e \u043f\u043e\u043b\u044c\u0437\u043e\u0432\u0430\u0442\u0435\u043b\u0435", "action_flag": 2, "change_message": "[{\"changed\": {\"fields\": [\"questions\"]}}]"}}, {"model": "admin.logentry", "pk": 103, "fields": {"action_time": "2021-03-07T16:52:23.528Z", "user": 1, "content_type": 9, "object_id": "3", "object_repr": "\u041e \u041f\u043e\u0433\u043e\u0434\u0435", "action_flag": 2, "change_message": "[{\"changed\": {\"fields\": [\"questions\"]}}]"}}, {"model": "admin.logentry", "pk": 104, "fields": {"action_time": "2021-03-07T16:55:27.072Z", "user": 1, "content_type": 7, "object_id": "8", "object_repr": "", "action_flag": 1, "change_message": "[{\"added\": {}}]"}}, {"model": "admin.logentry", "pk": 105, "fields": {"action_time": "2021-03-07T16:55:51.637Z", "user": 1, "content_type": 10, "object_id": "4", "object_repr": "\u0421\u043a\u043e\u043b\u044c\u043a\u043e \u0412\u0430\u043c \u043b\u0435\u0442?", "action_flag": 1, "change_message": "[{\"added\": {}}]"}}, {"model": "admin.logentry", "pk": 106, "fields": {"action_time": "2021-03-07T17:01:27.205Z", "user": 1, "content_type": 7, "object_id": "1", "object_repr": "None", "action_flag": 3, "change_message": ""}}, {"model": "admin.logentry", "pk": 107, "fields": {"action_time": "2021-03-07T17:03:50.814Z", "user": 1, "content_type": 7, "object_id": "8", "object_repr": "", "action_flag": 3, "change_message": ""}}, {"model": "admin.logentry", "pk": 108, "fields": {"action_time": "2021-03-07T17:04:39.511Z", "user": 1, "content_type": 10, "object_id": "5", "object_repr": "\u041c\u0435\u0441\u0442\u043e \u0440\u0430\u0431\u043e\u0442\u044b?", "action_flag": 1, "change_message": "[{\"added\": {}}]"}}, {"model": "admin.logentry", "pk": 109, "fields": {"action_time": "2021-03-07T17:05:08.385Z", "user": 1, "content_type": 9, "object_id": "4", "object_repr": "\u041e \u043f\u043e\u043b\u044c\u0437\u043e\u0432\u0430\u0442\u0435\u043b\u0435", "action_flag": 2, "change_message": "[{\"changed\": {\"fields\": [\"questions\"]}}]"}}, {"model": "admin.logentry", "pk": 110, "fields": {"action_time": "2021-03-07T19:44:11.585Z", "user": 1, "content_type": 11, "object_id": "5", "object_repr": "UserAnswer object (5)", "action_flag": 1, "change_message": "[{\"added\": {}}]"}}, {"model": "admin.logentry", "pk": 111, "fields": {"action_time": "2021-03-07T19:44:57.310Z", "user": 1, "content_type": 7, "object_id": "9", "object_repr": "Goga", "action_flag": 1, "change_message": "[{\"added\": {}}]"}}, {"model": "admin.logentry", "pk": 112, "fields": {"action_time": "2021-03-07T19:44:59.487Z", "user": 1, "content_type": 11, "object_id": "6", "object_repr": "UserAnswer object (6)", "action_flag": 1, "change_message": "[{\"added\": {}}]"}}, {"model": "admin.logentry", "pk": 113, "fields": {"action_time": "2021-03-08T18:46:46.199Z", "user": 1, "content_type": 4, "object_id": "3", "object_repr": "api", "action_flag": 1, "change_message": "[{\"added\": {}}]"}}, {"model": "admin.logentry", "pk": 114, "fields": {"action_time": "2021-03-08T18:48:43.276Z", "user": 1, "content_type": 4, "object_id": "3", "object_repr": "api", "action_flag": 2, "change_message": "[{\"changed\": {\"fields\": [\"first_name\", \"last_name\", \"email\", \"user_permissions\"]}}]"}}, {"model": "admin.logentry", "pk": 115, "fields": {"action_time": "2021-03-08T23:49:14.513Z", "user": 2, "content_type": 10, "object_id": "9", "object_repr": "--------------------", "action_flag": 3, "change_message": ""}}, {"model": "admin.logentry", "pk": 116, "fields": {"action_time": "2021-03-08T23:49:21.220Z", "user": 2, "content_type": 10, "object_id": "8", "object_repr": "vvvvvvvvvvvvvvvvv", "action_flag": 3, "change_message": ""}}, {"model": "admin.logentry", "pk": 117, "fields": {"action_time": "2021-03-08T23:55:30.523Z", "user": 2, "content_type": 10, "object_id": "7", "object_repr": "zzzzzzzzzz", "action_flag": 3, "change_message": ""}}, {"model": "admin.logentry", "pk": 118, "fields": {"action_time": "2021-03-11T17:17:52.108Z", "user": 2, "content_type": 7, "object_id": "10", "object_repr": "\u0412\u0430\u0441\u044f", "action_flag": 1, "change_message": "[{\"added\": {}}]"}}, {"model": "admin.logentry", "pk": 119, "fields": {"action_time": "2021-03-11T17:18:03.580Z", "user": 2, "content_type": 11, "object_id": "7", "object_repr": "UserAnswer object (7)", "action_flag": 1, "change_message": "[{\"added\": {}}]"}}, {"model": "admin.logentry", "pk": 120, "fields": {"action_time": "2021-03-11T17:22:06.393Z", "user": 2, "content_type": 11, "object_id": "8", "object_repr": "UserAnswer object (8)", "action_flag": 1, "change_message": "[{\"added\": {}}]"}}, {"model": "admin.logentry", "pk": 121, "fields": {"action_time": "2021-03-11T17:23:49.290Z", "user": 2, "content_type": 11, "object_id": "9", "object_repr": "UserAnswer object (9)", "action_flag": 1, "change_message": "[{\"added\": {}}]"}}, {"model": "admin.logentry", "pk": 122, "fields": {"action_time": "2021-03-11T23:57:38.132Z", "user": 2, "content_type": 10, "object_id": "7", "object_repr": "zzxc", "action_flag": 1, "change_message": "[{\"added\": {}}]"}}, {"model": "admin.logentry", "pk": 123, "fields": {"action_time": "2021-03-11T23:58:08.735Z", "user": 2, "content_type": 10, "object_id": "7", "object_repr": "zzxc", "action_flag": 3, "change_message": ""}}, {"model": "admin.logentry", "pk": 124, "fields": {"action_time": "2021-03-12T00:06:35.779Z", "user": 2, "content_type": 10, "object_id": "8", "object_repr": "3sdsdzsdds", "action_flag": 1, "change_message": "[{\"added\": {}}]"}}, {"model": "admin.logentry", "pk": 125, "fields": {"action_time": "2021-03-12T00:06:49.200Z", "user": 2, "content_type": 10, "object_id": "8", "object_repr": "3sdsdzsdds", "action_flag": 3, "change_message": ""}}, {"model": "admin.logentry", "pk": 126, "fields": {"action_time": "2021-03-12T00:07:45.735Z", "user": 2, "content_type": 10, "object_id": "9", "object_repr": "cxz", "action_flag": 1, "change_message": "[{\"added\": {}}]"}}, {"model": "admin.logentry", "pk": 127, "fields": {"action_time": "2021-03-12T00:09:04.304Z", "user": 2, "content_type": 10, "object_id": "9", "object_repr": "cxz", "action_flag": 3, "change_message": ""}}, {"model": "admin.logentry", "pk": 128, "fields": {"action_time": "2021-03-12T00:09:12.352Z", "user": 2, "content_type": 10, "object_id": "10", "object_repr": "wewe", "action_flag": 1, "change_message": "[{\"added\": {}}]"}}, {"model": "admin.logentry", "pk": 129, "fields": {"action_time": "2021-03-12T00:17:12.383Z", "user": 2, "content_type": 10, "object_id": "10", "object_repr": "wewe", "action_flag": 3, "change_message": ""}}, {"model": "admin.logentry", "pk": 130, "fields": {"action_time": "2021-03-12T00:17:20.991Z", "user": 2, "content_type": 10, "object_id": "11", "object_repr": "sdsds", "action_flag": 1, "change_message": "[{\"added\": {}}]"}}, {"model": "admin.logentry", "pk": 131, "fields": {"action_time": "2021-03-12T00:24:11.898Z", "user": 2, "content_type": 10, "object_id": "11", "object_repr": "sdsds", "action_flag": 3, "change_message": ""}}, {"model": "admin.logentry", "pk": 132, "fields": {"action_time": "2021-03-12T00:26:20.450Z", "user": 2, "content_type": 10, "object_id": "12", "object_repr": "\u0441\u0447\u0432\u044b\u0432\u044b", "action_flag": 1, "change_message": "[{\"added\": {}}]"}}, {"model": "admin.logentry", "pk": 133, "fields": {"action_time": "2021-03-12T00:39:29.878Z", "user": 2, "content_type": 10, "object_id": "12", "object_repr": "\u0441\u0447\u0432\u044b\u0432\u044b", "action_flag": 3, "change_message": ""}}, {"model": "admin.logentry", "pk": 134, "fields": {"action_time": "2021-03-12T01:38:36.847Z", "user": 2, "content_type": 10, "object_id": "13", "object_repr": "ddds", "action_flag": 1, "change_message": "[{\"added\": {}}]"}}, {"model": "admin.logentry", "pk": 135, "fields": {"action_time": "2021-03-12T01:39:03.589Z", "user": 2, "content_type": 10, "object_id": "13", "object_repr": "ddds", "action_flag": 3, "change_message": ""}}, {"model": "admin.logentry", "pk": 136, "fields": {"action_time": "2021-03-12T01:39:11.096Z", "user": 2, "content_type": 10, "object_id": "14", "object_repr": "zzzzzzzzz", "action_flag": 1, "change_message": "[{\"added\": {}}]"}}, {"model": "admin.logentry", "pk": 137, "fields": {"action_time": "2021-03-12T01:43:29.984Z", "user": 2, "content_type": 10, "object_id": "14", "object_repr": "zzzzzzzzz", "action_flag": 3, "change_message": ""}}, {"model": "admin.logentry", "pk": 138, "fields": {"action_time": "2021-03-12T01:58:18.122Z", "user": 2, "content_type": 10, "object_id": "15", "object_repr": "swdvbbbbbbbbb", "action_flag": 1, "change_message": "[{\"added\": {}}]"}}, {"model": "admin.logentry", "pk": 139, "fields": {"action_time": "2021-03-12T02:03:24.865Z", "user": 2, "content_type": 10, "object_id": "15", "object_repr": "swdvbbbbbbbbb", "action_flag": 3, "change_message": ""}}, {"model": "admin.logentry", "pk": 140, "fields": {"action_time": "2021-03-12T11:10:16.458Z", "user": 4, "content_type": 10, "object_id": "16", "object_repr": "vvvvvvvvvvvvvvvv", "action_flag": 1, "change_message": "[{\"added\": {}}]"}}, {"model": "admin.logentry", "pk": 141, "fields": {"action_time": "2021-03-12T11:10:41.634Z", "user": 4, "content_type": 10, "object_id": "16", "object_repr": "vvvvvvvvvvvvvvvv", "action_flag": 3, "change_message": ""}}, {"model": "admin.logentry", "pk": 142, "fields": {"action_time": "2021-03-12T11:11:47.249Z", "user": 4, "content_type": 10, "object_id": "17", "object_repr": "ccccccccccccccc", "action_flag": 1, "change_message": "[{\"added\": {}}]"}}, {"model": "admin.logentry", "pk": 143, "fields": {"action_time": "2021-03-12T11:13:20.169Z", "user": 4, "content_type": 10, "object_id": "17", "object_repr": "ccccccccccccccc", "action_flag": 3, "change_message": ""}}, {"model": "admin.logentry", "pk": 144, "fields": {"action_time": "2021-03-12T11:26:46.504Z", "user": 4, "content_type": 10, "object_id": "18", "object_repr": "dsddddd00000000000", "action_flag": 1, "change_message": "[{\"added\": {}}]"}}, {"model": "admin.logentry", "pk": 145, "fields": {"action_time": "2021-03-12T11:27:10.347Z", "user": 4, "content_type": 10, "object_id": "18", "object_repr": "dsddddd00000000000", "action_flag": 2, "change_message": "[{\"changed\": {\"fields\": [\"type_question\"]}}]"}}, {"model": "admin.logentry", "pk": 146, "fields": {"action_time": "2021-03-12T11:27:49.742Z", "user": 4, "content_type": 10, "object_id": "18", "object_repr": "dsddddd00000000000", "action_flag": 2, "change_message": "[{\"changed\": {\"fields\": [\"answers\"]}}]"}}, {"model": "admin.logentry", "pk": 147, "fields": {"action_time": "2021-03-12T11:28:10.955Z", "user": 4, "content_type": 10, "object_id": "19", "object_repr": "\u0432\u044b\u0430\u0430\u0430\u0430", "action_flag": 1, "change_message": "[{\"added\": {}}]"}}, {"model": "admin.logentry", "pk": 148, "fields": {"action_time": "2021-03-12T11:30:01.994Z", "user": 4, "content_type": 10, "object_id": "20", "object_repr": "\u0441\u0447\u0441\u0447\u0441\u0447\u0441", "action_flag": 1, "change_message": "[{\"added\": {}}]"}}, {"model": "admin.logentry", "pk": 149, "fields": {"action_time": "2021-03-12T11:31:28.735Z", "user": 4, "content_type": 10, "object_id": "21", "object_repr": "000000000000", "action_flag": 1, "change_message": "[{\"added\": {}}]"}}, {"model": "admin.logentry", "pk": 150, "fields": {"action_time": "2021-03-12T11:32:22.600Z", "user": 4, "content_type": 10, "object_id": "18", "object_repr": "dsddddd00000000000", "action_flag": 3, "change_message": ""}}, {"model": "admin.logentry", "pk": 151, "fields": {"action_time": "2021-03-12T11:32:22.608Z", "user": 4, "content_type": 10, "object_id": "19", "object_repr": "\u0432\u044b\u0430\u0430\u0430\u0430", "action_flag": 3, "change_message": ""}}, {"model": "admin.logentry", "pk": 152, "fields": {"action_time": "2021-03-12T11:32:22.614Z", "user": 4, "content_type": 10, "object_id": "20", "object_repr": "\u0441\u0447\u0441\u0447\u0441\u0447\u0441", "action_flag": 3, "change_message": ""}}, {"model": "admin.logentry", "pk": 153, "fields": {"action_time": "2021-03-12T11:32:22.618Z", "user": 4, "content_type": 10, "object_id": "21", "object_repr": "000000000000", "action_flag": 3, "change_message": ""}}, {"model": "admin.logentry", "pk": 154, "fields": {"action_time": "2021-03-12T11:32:32.929Z", "user": 4, "content_type": 10, "object_id": "22", "object_repr": "\u0442\u0442\u0442\u0442\u0442\u0442\u0442\u0442\u0442\u0442", "action_flag": 1, "change_message": "[{\"added\": {}}]"}}, {"model": "admin.logentry", "pk": 155, "fields": {"action_time": "2021-03-12T12:10:50.098Z", "user": 4, "content_type": 10, "object_id": "23", "object_repr": "\u044f\u044f\u044f\u044f\u044f\u044f\u044f\u044f\u044f\u044f", "action_flag": 1, "change_message": "[{\"added\": {}}]"}}, {"model": "admin.logentry", "pk": 156, "fields": {"action_time": "2021-03-12T12:37:46.095Z", "user": 4, "content_type": 10, "object_id": "24", "object_repr": "cccccccccc", "action_flag": 1, "change_message": "[{\"added\": {}}]"}}, {"model": "admin.logentry", "pk": 157, "fields": {"action_time": "2021-03-12T12:39:36.486Z", "user": 4, "content_type": 10, "object_id": "24", "object_repr": "cccccccccc", "action_flag": 2, "change_message": "[{\"changed\": {\"fields\": [\"type_question\"]}}]"}}, {"model": "admin.logentry", "pk": 158, "fields": {"action_time": "2021-03-12T12:54:35.450Z", "user": 4, "content_type": 10, "object_id": "25", "object_repr": "zzzzzzzzzz", "action_flag": 1, "change_message": "[{\"added\": {}}]"}}, {"model": "admin.logentry", "pk": 159, "fields": {"action_time": "2021-03-12T12:55:55.258Z", "user": 4, "content_type": 10, "object_id": "25", "object_repr": "zzzzzzzzzz", "action_flag": 2, "change_message": "[]"}}, {"model": "admin.logentry", "pk": 160, "fields": {"action_time": "2021-03-12T12:56:24.789Z", "user": 4, "content_type": 10, "object_id": "25", "object_repr": "zzzzzzzzzz", "action_flag": 2, "change_message": "[{\"changed\": {\"fields\": [\"answers\"]}}]"}}, {"model": "admin.logentry", "pk": 161, "fields": {"action_time": "2021-03-12T12:57:38.972Z", "user": 4, "content_type": 10, "object_id": "25", "object_repr": "zzzzzzzzzz", "action_flag": 2, "change_message": "[]"}}, {"model": "admin.logentry", "pk": 162, "fields": {"action_time": "2021-03-12T12:58:01.327Z", "user": 4, "content_type": 10, "object_id": "25", "object_repr": "zzzzzzzzzz", "action_flag": 2, "change_message": "[]"}}, {"model": "admin.logentry", "pk": 163, "fields": {"action_time": "2021-03-12T12:58:28.990Z", "user": 4, "content_type": 10, "object_id": "25", "object_repr": "zzzzzzzzzz", "action_flag": 2, "change_message": "[]"}}, {"model": "admin.logentry", "pk": 164, "fields": {"action_time": "2021-03-12T12:59:03.582Z", "user": 4, "content_type": 10, "object_id": "25", "object_repr": "zzzzzzzzzz", "action_flag": 2, "change_message": "[]"}}, {"model": "admin.logentry", "pk": 165, "fields": {"action_time": "2021-03-12T12:59:46.310Z", "user": 4, "content_type": 10, "object_id": "25", "object_repr": "zzzzzzzzzz", "action_flag": 2, "change_message": "[]"}}, {"model": "admin.logentry", "pk": 166, "fields": {"action_time": "2021-03-12T13:02:27.538Z", "user": 4, "content_type": 10, "object_id": "22", "object_repr": "\u0442\u0442\u0442\u0442\u0442\u0442\u0442\u0442\u0442\u0442", "action_flag": 2, "change_message": "[]"}}, {"model": "admin.logentry", "pk": 167, "fields": {"action_time": "2021-03-12T13:02:48.632Z", "user": 4, "content_type": 10, "object_id": "25", "object_repr": "zzzzzzzzzz", "action_flag": 2, "change_message": "[]"}}, {"model": "admin.logentry", "pk": 168, "fields": {"action_time": "2021-03-12T13:03:30.970Z", "user": 4, "content_type": 10, "object_id": "25", "object_repr": "zzzzzzzzzz", "action_flag": 2, "change_message": "[{\"changed\": {\"fields\": [\"answers\"]}}]"}}, {"model": "admin.logentry", "pk": 169, "fields": {"action_time": "2021-03-12T13:03:49.397Z", "user": 4, "content_type": 10, "object_id": "26", "object_repr": "uuuuuuuuuuu", "action_flag": 1, "change_message": "[{\"added\": {}}]"}}, {"model": "admin.logentry", "pk": 170, "fields": {"action_time": "2021-03-12T13:15:47.103Z", "user": 4, "content_type": 10, "object_id": "26", "object_repr": "uuuuuuuuuuu", "action_flag": 2, "change_message": "[]"}}, {"model": "admin.logentry", "pk": 171, "fields": {"action_time": "2021-03-12T13:16:03.923Z", "user": 4, "content_type": 10, "object_id": "27", "object_repr": "sasas", "action_flag": 1, "change_message": "[{\"added\": {}}]"}}, {"model": "admin.logentry", "pk": 172, "fields": {"action_time": "2021-03-12T13:16:17.108Z", "user": 4, "content_type": 10, "object_id": "28", "object_repr": "ccccccccc", "action_flag": 1, "change_message": "[{\"added\": {}}]"}}, {"model": "admin.logentry", "pk": 173, "fields": {"action_time": "2021-03-12T13:17:05.715Z", "user": 4, "content_type": 10, "object_id": "28", "object_repr": "ccccccccc", "action_flag": 2, "change_message": "[]"}}, {"model": "admin.logentry", "pk": 174, "fields": {"action_time": "2021-03-12T13:18:11.484Z", "user": 4, "content_type": 10, "object_id": "28", "object_repr": "ccccccccc", "action_flag": 2, "change_message": "[{\"changed\": {\"fields\": [\"type_question\"]}}]"}}, {"model": "admin.logentry", "pk": 175, "fields": {"action_time": "2021-03-12T13:18:17.833Z", "user": 4, "content_type": 10, "object_id": "28", "object_repr": "ccccccccc", "action_flag": 2, "change_message": "[{\"changed\": {\"fields\": [\"type_question\"]}}]"}}, {"model": "admin.logentry", "pk": 176, "fields": {"action_time": "2021-03-12T13:23:03.420Z", "user": 4, "content_type": 10, "object_id": "28", "object_repr": "ccccccccc", "action_flag": 2, "change_message": "[{\"changed\": {\"fields\": [\"answers\"]}}]"}}, {"model": "admin.logentry", "pk": 177, "fields": {"action_time": "2021-03-12T13:24:57.989Z", "user": 4, "content_type": 10, "object_id": "28", "object_repr": "ccccccccc", "action_flag": 2, "change_message": "[{\"changed\": {\"fields\": [\"answers\"]}}]"}}, {"model": "admin.logentry", "pk": 178, "fields": {"action_time": "2021-03-12T13:25:40.205Z", "user": 4, "content_type": 10, "object_id": "22", "object_repr": "\u0442\u0442\u0442\u0442\u0442\u0442\u0442\u0442\u0442\u0442", "action_flag": 3, "change_message": ""}}, {"model": "admin.logentry", "pk": 179, "fields": {"action_time": "2021-03-12T13:25:40.213Z", "user": 4, "content_type": 10, "object_id": "23", "object_repr": "\u044f\u044f\u044f\u044f\u044f\u044f\u044f\u044f\u044f\u044f", "action_flag": 3, "change_message": ""}}, {"model": "admin.logentry", "pk": 180, "fields": {"action_time": "2021-03-12T13:25:40.218Z", "user": 4, "content_type": 10, "object_id": "24", "object_repr": "cccccccccc", "action_flag": 3, "change_message": ""}}, {"model": "admin.logentry", "pk": 181, "fields": {"action_time": "2021-03-12T13:25:40.225Z", "user": 4, "content_type": 10, "object_id": "25", "object_repr": "zzzzzzzzzz", "action_flag": 3, "change_message": ""}}, {"model": "admin.logentry", "pk": 182, "fields": {"action_time": "2021-03-12T13:25:40.230Z", "user": 4, "content_type": 10, "object_id": "26", "object_repr": "uuuuuuuuuuu", "action_flag": 3, "change_message": ""}}, {"model": "admin.logentry", "pk": 183, "fields": {"action_time": "2021-03-12T13:25:40.236Z", "user": 4, "content_type": 10, "object_id": "27", "object_repr": "sasas", "action_flag": 3, "change_message": ""}}, {"model": "admin.logentry", "pk": 184, "fields": {"action_time": "2021-03-12T13:25:40.242Z", "user": 4, "content_type": 10, "object_id": "28", "object_repr": "ccccccccc", "action_flag": 3, "change_message": ""}}, {"model": "admin.logentry", "pk": 185, "fields": {"action_time": "2021-03-12T13:26:42.864Z", "user": 4, "content_type": 10, "object_id": "29", "object_repr": "zzzzzzzz", "action_flag": 1, "change_message": "[{\"added\": {}}]"}}, {"model": "admin.logentry", "pk": 186, "fields": {"action_time": "2021-03-12T13:28:21.029Z", "user": 4, "content_type": 10, "object_id": "29", "object_repr": "zzzzzzzz", "action_flag": 2, "change_message": "[]"}}, {"model": "admin.logentry", "pk": 187, "fields": {"action_time": "2021-03-12T13:30:16.482Z", "user": 4, "content_type": 10, "object_id": "29", "object_repr": "zzzzzzzz", "action_flag": 2, "change_message": "[]"}}, {"model": "admin.logentry", "pk": 188, "fields": {"action_time": "2021-03-12T14:54:59.024Z", "user": 4, "content_type": 10, "object_id": "29", "object_repr": "zzzzzzzz", "action_flag": 2, "change_message": "[{\"changed\": {\"fields\": [\"answers\"]}}]"}}, {"model": "admin.logentry", "pk": 189, "fields": {"action_time": "2021-03-12T14:57:39.436Z", "user": 4, "content_type": 10, "object_id": "1", "object_repr": "\u0412\u0430\u0448\u0435 \u0438\u043c\u044f?", "action_flag": 2, "change_message": "[{\"changed\": {\"fields\": [\"answers\"]}}]"}}, {"model": "admin.logentry", "pk": 190, "fields": {"action_time": "2021-03-12T15:01:07.537Z", "user": 4, "content_type": 10, "object_id": "1", "object_repr": "\u0412\u0430\u0448\u0435 \u0438\u043c\u044f?", "action_flag": 2, "change_message": "[{\"changed\": {\"fields\": [\"answers\"]}}]"}}, {"model": "admin.logentry", "pk": 191, "fields": {"action_time": "2021-03-12T15:02:20.050Z", "user": 4, "content_type": 10, "object_id": "1", "object_repr": "\u0412\u0430\u0448\u0435 \u0438\u043c\u044f?", "action_flag": 2, "change_message": "[]"}}, {"model": "admin.logentry", "pk": 192, "fields": {"action_time": "2021-03-12T15:04:19.069Z", "user": 4, "content_type": 10, "object_id": "1", "object_repr": "\u0412\u0430\u0448\u0435 \u0438\u043c\u044f?", "action_flag": 2, "change_message": "[{\"changed\": {\"fields\": [\"answers\"]}}]"}}, {"model": "admin.logentry", "pk": 193, "fields": {"action_time": "2021-03-12T15:08:17.663Z", "user": 4, "content_type": 10, "object_id": "1", "object_repr": "\u0412\u0430\u0448\u0435 \u0438\u043c\u044f?", "action_flag": 2, "change_message": "[]"}}, {"model": "admin.logentry", "pk": 194, "fields": {"action_time": "2021-03-12T15:12:37.196Z", "user": 4, "content_type": 10, "object_id": "1", "object_repr": "\u0412\u0430\u0448\u0435 \u0438\u043c\u044f?", "action_flag": 2, "change_message": "[]"}}, {"model": "admin.logentry", "pk": 195, "fields": {"action_time": "2021-03-12T15:19:36.060Z", "user": 4, "content_type": 10, "object_id": "30", "object_repr": ",,,,,,,,jngh", "action_flag": 1, "change_message": "[{\"added\": {}}]"}}, {"model": "admin.logentry", "pk": 196, "fields": {"action_time": "2021-03-12T15:20:17.754Z", "user": 4, "content_type": 10, "object_id": "30", "object_repr": ",,,,,,,,jngh", "action_flag": 2, "change_message": "[]"}}, {"model": "admin.logentry", "pk": 197, "fields": {"action_time": "2021-03-12T15:20:27.989Z", "user": 4, "content_type": 10, "object_id": "30", "object_repr": ",,,,,,,,jngh", "action_flag": 2, "change_message": "[{\"changed\": {\"fields\": [\"answers\"]}}]"}}, {"model": "admin.logentry", "pk": 198, "fields": {"action_time": "2021-03-12T15:21:07.252Z", "user": 4, "content_type": 10, "object_id": "30", "object_repr": ",,,,,,,,jngh", "action_flag": 2, "change_message": "[{\"changed\": {\"fields\": [\"answers\"]}}]"}}, {"model": "admin.logentry", "pk": 199, "fields": {"action_time": "2021-03-12T15:24:38.133Z", "user": 4, "content_type": 10, "object_id": "30", "object_repr": ",,,,,,,,jngh", "action_flag": 2, "change_message": "[{\"changed\": {\"fields\": [\"answers\"]}}]"}}, {"model": "admin.logentry", "pk": 200, "fields": {"action_time": "2021-03-12T15:24:54.672Z", "user": 4, "content_type": 10, "object_id": "30", "object_repr": ",,,,,,,,jngh", "action_flag": 2, "change_message": "[{\"changed\": {\"fields\": [\"type_question\"]}}]"}}, {"model": "admin.logentry", "pk": 201, "fields": {"action_time": "2021-03-12T15:25:02.877Z", "user": 4, "content_type": 10, "object_id": "30", "object_repr": ",,,,,,,,jngh", "action_flag": 2, "change_message": "[{\"changed\": {\"fields\": [\"answers\"]}}]"}}, {"model": "admin.logentry", "pk": 202, "fields": {"action_time": "2021-03-12T15:26:28.838Z", "user": 4, "content_type": 10, "object_id": "30", "object_repr": ",,,,,,,,jngh", "action_flag": 2, "change_message": "[{\"changed\": {\"fields\": [\"type_question\", \"answers\"]}}]"}}, {"model": "admin.logentry", "pk": 203, "fields": {"action_time": "2021-03-12T15:28:09.148Z", "user": 4, "content_type": 10, "object_id": "30", "object_repr": ",,,,,,,,jngh", "action_flag": 2, "change_message": "[{\"changed\": {\"fields\": [\"type_question\", \"answers\"]}}]"}}, {"model": "admin.logentry", "pk": 204, "fields": {"action_time": "2021-03-12T15:29:40.857Z", "user": 4, "content_type": 10, "object_id": "30", "object_repr": ",,,,,,,,jngh", "action_flag": 2, "change_message": "[{\"changed\": {\"fields\": [\"type_question\"]}}]"}}, {"model": "admin.logentry", "pk": 205, "fields": {"action_time": "2021-03-12T15:30:19.841Z", "user": 4, "content_type": 10, "object_id": "30", "object_repr": ",,,,,,,,jngh", "action_flag": 2, "change_message": "[{\"changed\": {\"fields\": [\"answers\"]}}]"}}, {"model": "admin.logentry", "pk": 206, "fields": {"action_time": "2021-03-12T15:35:31.336Z", "user": 4, "content_type": 10, "object_id": "31", "object_repr": "zzzzzzzzzzzzzzzz", "action_flag": 1, "change_message": "[{\"added\": {}}]"}}, {"model": "admin.logentry", "pk": 207, "fields": {"action_time": "2021-03-12T16:04:53.961Z", "user": 4, "content_type": 10, "object_id": "32", "object_repr": "\u0430\u0432\u0430\u0432\u0430", "action_flag": 1, "change_message": "[{\"added\": {}}]"}}, {"model": "admin.logentry", "pk": 208, "fields": {"action_time": "2021-03-12T16:14:22.973Z", "user": 4, "content_type": 10, "object_id": "32", "object_repr": "\u0430\u0432\u0430\u0432\u0430", "action_flag": 2, "change_message": "[]"}}, {"model": "admin.logentry", "pk": 209, "fields": {"action_time": "2021-03-12T16:29:40.555Z", "user": 4, "content_type": 10, "object_id": "30", "object_repr": ",,,,,,,,jngh", "action_flag": 2, "change_message": "[]"}}, {"model": "admin.logentry", "pk": 210, "fields": {"action_time": "2021-03-12T16:44:33.227Z", "user": 4, "content_type": 10, "object_id": "32", "object_repr": "\u0430\u0432\u0430\u0432\u0430", "action_flag": 2, "change_message": "[{\"changed\": {\"fields\": [\"type_answer\", \"answers\"]}}]"}}, {"model": "admin.logentry", "pk": 211, "fields": {"action_time": "2021-03-12T16:44:39.754Z", "user": 4, "content_type": 10, "object_id": "30", "object_repr": ",,,,,,,,jngh", "action_flag": 2, "change_message": "[]"}}, {"model": "admin.logentry", "pk": 212, "fields": {"action_time": "2021-03-12T16:44:48.716Z", "user": 4, "content_type": 10, "object_id": "30", "object_repr": ",,,,,,,,jngh", "action_flag": 2, "change_message": "[{\"changed\": {\"fields\": [\"answers\"]}}]"}}, {"model": "admin.logentry", "pk": 213, "fields": {"action_time": "2021-03-12T16:45:04.073Z", "user": 4, "content_type": 10, "object_id": "30", "object_repr": ",,,,,,,,jngh3434", "action_flag": 2, "change_message": "[{\"changed\": {\"fields\": [\"question_text\"]}}]"}}, {"model": "admin.logentry", "pk": 214, "fields": {"action_time": "2021-03-12T16:45:25.249Z", "user": 4, "content_type": 10, "object_id": "5", "object_repr": "\u041c\u0435\u0441\u0442\u043e \u0440\u0430\u0431\u043e\u0442\u044b?", "action_flag": 2, "change_message": "[{\"changed\": {\"fields\": [\"type_answer\", \"answers\"]}}]"}}, {"model": "admin.logentry", "pk": 215, "fields": {"action_time": "2021-03-12T16:45:36.628Z", "user": 4, "content_type": 10, "object_id": "4", "object_repr": "\u0421\u043a\u043e\u043b\u044c\u043a\u043e \u0412\u0430\u043c \u043b\u0435\u0442?", "action_flag": 2, "change_message": "[{\"changed\": {\"fields\": [\"answers\"]}}]"}}, {"model": "admin.logentry", "pk": 216, "fields": {"action_time": "2021-03-12T16:45:53.473Z", "user": 4, "content_type": 10, "object_id": "32", "object_repr": "\u0430\u0432\u0430\u0432\u0430", "action_flag": 3, "change_message": ""}}, {"model": "admin.logentry", "pk": 217, "fields": {"action_time": "2021-03-12T16:45:53.479Z", "user": 4, "content_type": 10, "object_id": "31", "object_repr": "zzzzzzzzzzzzzzzz", "action_flag": 3, "change_message": ""}}, {"model": "admin.logentry", "pk": 218, "fields": {"action_time": "2021-03-12T16:45:53.486Z", "user": 4, "content_type": 10, "object_id": "30", "object_repr": ",,,,,,,,jngh3434", "action_flag": 3, "change_message": ""}}, {"model": "admin.logentry", "pk": 219, "fields": {"action_time": "2021-03-12T16:45:53.493Z", "user": 4, "content_type": 10, "object_id": "29", "object_repr": "zzzzzzzz", "action_flag": 3, "change_message": ""}}, {"model": "admin.logentry", "pk": 220, "fields": {"action_time": "2021-03-12T16:46:03.371Z", "user": 4, "content_type": 10, "object_id": "6", "object_repr": "\u041a\u043e\u0433\u0434\u0430 \u0445\u043e\u043b\u043e\u0434\u043d\u0435\u0435 \u0432\u0441\u0435\u0433\u043e?", "action_flag": 2, "change_message": "[{\"changed\": {\"fields\": [\"type_answer\"]}}]"}}, {"model": "admin.logentry", "pk": 221, "fields": {"action_time": "2021-03-12T16:46:14.026Z", "user": 4, "content_type": 10, "object_id": "2", "object_repr": "\u0412\u0430\u0448\u0435 \u043b\u044e\u0431\u0438\u043c\u044b\u0435 \u0432\u0440\u0435\u043c\u0435\u043d\u0430 \u0433\u043e\u0434\u0430?", "action_flag": 2, "change_message": "[{\"changed\": {\"fields\": [\"type_answer\"]}}]"}}, {"model": "admin.logentry", "pk": 222, "fields": {"action_time": "2021-03-12T16:46:23.310Z", "user": 4, "content_type": 10, "object_id": "1", "object_repr": "\u0412\u0430\u0448\u0435 \u0438\u043c\u044f?", "action_flag": 2, "change_message": "[{\"changed\": {\"fields\": [\"answers\"]}}]"}}, {"model": "admin.logentry", "pk": 223, "fields": {"action_time": "2021-03-12T16:49:20.173Z", "user": 4, "content_type": 10, "object_id": "33", "object_repr": "\u044e\u0431\u044e\u0431\u044e", "action_flag": 1, "change_message": "[{\"added\": {}}]"}}, {"model": "admin.logentry", "pk": 224, "fields": {"action_time": "2021-03-12T16:49:32.463Z", "user": 4, "content_type": 10, "object_id": "33", "object_repr": "\u044e\u0431\u044e\u0431\u044e", "action_flag": 2, "change_message": "[{\"changed\": {\"fields\": [\"type_answer\", \"answers\"]}}]"}}, {"model": "admin.logentry", "pk": 225, "fields": {"action_time": "2021-03-12T16:50:35.752Z", "user": 4, "content_type": 10, "object_id": "33", "object_repr": "\u044e\u0431\u044e\u0431\u044e", "action_flag": 2, "change_message": "[{\"changed\": {\"fields\": [\"type_answer\", \"answers\"]}}]"}}, {"model": "admin.logentry", "pk": 226, "fields": {"action_time": "2021-03-12T16:50:42.328Z", "user": 4, "content_type": 10, "object_id": "33", "object_repr": "\u044e\u0431\u044e\u0431\u044e", "action_flag": 2, "change_message": "[{\"changed\": {\"fields\": [\"type_answer\"]}}]"}}, {"model": "admin.logentry", "pk": 227, "fields": {"action_time": "2021-03-12T16:50:44.485Z", "user": 4, "content_type": 10, "object_id": "33", "object_repr": "\u044e\u0431\u044e\u0431\u044e", "action_flag": 2, "change_message": "[]"}}, {"model": "admin.logentry", "pk": 228, "fields": {"action_time": "2021-03-12T16:50:49.734Z", "user": 4, "content_type": 10, "object_id": "33", "object_repr": "\u044e\u0431\u044e\u0431\u044e", "action_flag": 2, "change_message": "[]"}}, {"model": "admin.logentry", "pk": 229, "fields": {"action_time": "2021-03-12T16:50:53.315Z", "user": 4, "content_type": 10, "object_id": "33", "object_repr": "\u044e\u0431\u044e\u0431\u044e", "action_flag": 2, "change_message": "[]"}}, {"model": "admin.logentry", "pk": 230, "fields": {"action_time": "2021-03-12T16:51:17.593Z", "user": 4, "content_type": 10, "object_id": "33", "object_repr": "\u044e\u0431\u044e\u0431\u044e", "action_flag": 2, "change_message": "[{\"changed\": {\"fields\": [\"answers\"]}}]"}}, {"model": "admin.logentry", "pk": 231, "fields": {"action_time": "2021-03-12T16:51:45.501Z", "user": 4, "content_type": 10, "object_id": "33", "object_repr": "\u044e\u0431\u044e\u0431\u044e", "action_flag": 2, "change_message": "[{\"changed\": {\"fields\": [\"type_answer\"]}}]"}}, {"model": "admin.logentry", "pk": 232, "fields": {"action_time": "2021-03-12T16:51:58.890Z", "user": 4, "content_type": 10, "object_id": "33", "object_repr": "\u044e\u0431\u044e\u0431\u044e", "action_flag": 2, "change_message": "[{\"changed\": {\"fields\": [\"type_answer\", \"answers\"]}}]"}}, {"model": "admin.logentry", "pk": 233, "fields": {"action_time": "2021-03-12T21:01:27.139Z", "user": 4, "content_type": 10, "object_id": "33", "object_repr": "\u044e\u0431\u044e\u0431\u044e", "action_flag": 3, "change_message": ""}}, {"model": "admin.logentry", "pk": 234, "fields": {"action_time": "2021-03-12T21:03:02.514Z", "user": 4, "content_type": 10, "object_id": "34", "object_repr": "\u044c\u044c\u044c\u044c\u044c\u044c\u044c\u044c\u044c\u044c\u044c", "action_flag": 1, "change_message": "[{\"added\": {}}]"}}, {"model": "admin.logentry", "pk": 235, "fields": {"action_time": "2021-03-12T21:16:05.628Z", "user": 4, "content_type": 10, "object_id": "34", "object_repr": "\u044c\u044c\u044c\u044c\u044c\u044c\u044c\u044c\u044c\u044c\u044c", "action_flag": 2, "change_message": "[{\"changed\": {\"fields\": [\"type_answer\", \"answers\"]}}]"}}, {"model": "admin.logentry", "pk": 236, "fields": {"action_time": "2021-03-12T21:18:10.906Z", "user": 4, "content_type": 7, "object_id": "5", "object_repr": "\u0412\u0435\u0441\u043d\u0430", "action_flag": 2, "change_message": "[{\"changed\": {\"fields\": [\"answer\"]}}]"}}, {"model": "admin.logentry", "pk": 237, "fields": {"action_time": "2021-03-18T21:36:25.894Z", "user": 1, "content_type": 8, "object_id": "4", "object_repr": "4", "action_flag": 3, "change_message": ""}}, {"model": "admin.logentry", "pk": 238, "fields": {"action_time": "2021-03-18T21:36:25.899Z", "user": 1, "content_type": 8, "object_id": "5", "object_repr": "5", "action_flag": 3, "change_message": ""}}, {"model": "admin.logentry", "pk": 239, "fields": {"action_time": "2021-03-18T21:36:25.905Z", "user": 1, "content_type": 8, "object_id": "6", "object_repr": "6", "action_flag": 3, "change_message": ""}}, {"model": "admin.logentry", "pk": 240, "fields": {"action_time": "2021-03-18T21:36:25.913Z", "user": 1, "content_type": 8, "object_id": "7", "object_repr": "7", "action_flag": 3, "change_message": ""}}, {"model": "admin.logentry", "pk": 241, "fields": {"action_time": "2021-03-18T21:36:25.920Z", "user": 1, "content_type": 8, "object_id": "8", "object_repr": "8", "action_flag": 3, "change_message": ""}}, {"model": "admin.logentry", "pk": 242, "fields": {"action_time": "2021-03-18T21:36:25.926Z", "user": 1, "content_type": 8, "object_id": "9", "object_repr": "9", "action_flag": 3, "change_message": ""}}, {"model": "admin.logentry", "pk": 243, "fields": {"action_time": "2021-03-18T21:36:25.934Z", "user": 1, "content_type": 8, "object_id": "10", "object_repr": "10", "action_flag": 3, "change_message": ""}}, {"model": "admin.logentry", "pk": 244, "fields": {"action_time": "2021-03-18T21:36:25.941Z", "user": 1, "content_type": 8, "object_id": "11", "object_repr": "11", "action_flag": 3, "change_message": ""}}, {"model": "admin.logentry", "pk": 245, "fields": {"action_time": "2021-03-18T21:36:25.948Z", "user": 1, "content_type": 8, "object_id": "12", "object_repr": "12", "action_flag": 3, "change_message": ""}}, {"model": "admin.logentry", "pk": 246, "fields": {"action_time": "2021-03-18T21:36:25.953Z", "user": 1, "content_type": 8, "object_id": "13", "object_repr": "13", "action_flag": 3, "change_message": ""}}, {"model": "admin.logentry", "pk": 247, "fields": {"action_time": "2021-03-18T21:36:25.959Z", "user": 1, "content_type": 8, "object_id": "14", "object_repr": "14", "action_flag": 3, "change_message": ""}}, {"model": "admin.logentry", "pk": 248, "fields": {"action_time": "2021-03-18T22:07:43.695Z", "user": 2, "content_type": 8, "object_id": "16", "object_repr": "16", "action_flag": 3, "change_message": ""}}, {"model": "admin.logentry", "pk": 249, "fields": {"action_time": "2021-03-18T22:07:43.701Z", "user": 2, "content_type": 8, "object_id": "17", "object_repr": "17", "action_flag": 3, "change_message": ""}}, {"model": "admin.logentry", "pk": 250, "fields": {"action_time": "2021-03-18T22:07:43.706Z", "user": 2, "content_type": 8, "object_id": "18", "object_repr": "18", "action_flag": 3, "change_message": ""}}, {"model": "admin.logentry", "pk": 251, "fields": {"action_time": "2021-03-18T22:07:43.716Z", "user": 2, "content_type": 8, "object_id": "19", "object_repr": "19", "action_flag": 3, "change_message": ""}}, {"model": "admin.logentry", "pk": 252, "fields": {"action_time": "2021-03-18T22:07:43.721Z", "user": 2, "content_type": 8, "object_id": "20", "object_repr": "20", "action_flag": 3, "change_message": ""}}, {"model": "admin.logentry", "pk": 253, "fields": {"action_time": "2021-03-18T22:07:43.727Z", "user": 2, "content_type": 8, "object_id": "21", "object_repr": "21", "action_flag": 3, "change_message": ""}}, {"model": "admin.logentry", "pk": 254, "fields": {"action_time": "2021-03-18T22:07:43.733Z", "user": 2, "content_type": 8, "object_id": "22", "object_repr": "22", "action_flag": 3, "change_message": ""}}, {"model": "admin.logentry", "pk": 255, "fields": {"action_time": "2021-03-18T22:07:43.740Z", "user": 2, "content_type": 8, "object_id": "23", "object_repr": "23", "action_flag": 3, "change_message": ""}}, {"model": "admin.logentry", "pk": 256, "fields": {"action_time": "2021-03-18T22:07:43.746Z", "user": 2, "content_type": 8, "object_id": "24", "object_repr": "24", "action_flag": 3, "change_message": ""}}, {"model": "admin.logentry", "pk": 257, "fields": {"action_time": "2021-03-18T22:07:43.752Z", "user": 2, "content_type": 8, "object_id": "25", "object_repr": "25", "action_flag": 3, "change_message": ""}}, {"model": "admin.logentry", "pk": 258, "fields": {"action_time": "2021-03-18T22:07:43.757Z", "user": 2, "content_type": 8, "object_id": "26", "object_repr": "26", "action_flag": 3, "change_message": ""}}, {"model": "admin.logentry", "pk": 259, "fields": {"action_time": "2021-03-18T22:28:28.679Z", "user": 1, "content_type": 8, "object_id": "27", "object_repr": "27", "action_flag": 3, "change_message": ""}}, {"model": "admin.logentry", "pk": 260, "fields": {"action_time": "2021-03-18T22:28:28.685Z", "user": 1, "content_type": 8, "object_id": "28", "object_repr": "28", "action_flag": 3, "change_message": ""}}, {"model": "admin.logentry", "pk": 261, "fields": {"action_time": "2021-03-18T22:28:28.695Z", "user": 1, "content_type": 8, "object_id": "29", "object_repr": "29", "action_flag": 3, "change_message": ""}}, {"model": "admin.logentry", "pk": 262, "fields": {"action_time": "2021-03-18T22:28:28.702Z", "user": 1, "content_type": 8, "object_id": "30", "object_repr": "30", "action_flag": 3, "change_message": ""}}, {"model": "admin.logentry", "pk": 263, "fields": {"action_time": "2021-03-18T22:28:28.711Z", "user": 1, "content_type": 8, "object_id": "31", "object_repr": "31", "action_flag": 3, "change_message": ""}}, {"model": "admin.logentry", "pk": 264, "fields": {"action_time": "2021-03-18T22:28:28.716Z", "user": 1, "content_type": 8, "object_id": "32", "object_repr": "32", "action_flag": 3, "change_message": ""}}, {"model": "admin.logentry", "pk": 265, "fields": {"action_time": "2021-03-18T22:39:12.931Z", "user": 2, "content_type": 8, "object_id": "38", "object_repr": "38", "action_flag": 3, "change_message": ""}}, {"model": "admin.logentry", "pk": 266, "fields": {"action_time": "2021-03-19T01:06:58.347Z", "user": 2, "content_type": 11, "object_id": "8", "object_repr": "UserAnswer object (8)", "action_flag": 3, "change_message": ""}}, {"model": "admin.logentry", "pk": 267, "fields": {"action_time": "2021-03-19T01:06:58.354Z", "user": 2, "content_type": 11, "object_id": "9", "object_repr": "UserAnswer object (9)", "action_flag": 3, "change_message": ""}}, {"model": "admin.logentry", "pk": 268, "fields": {"action_time": "2021-03-19T01:06:58.361Z", "user": 2, "content_type": 11, "object_id": "10", "object_repr": "UserAnswer object (10)", "action_flag": 3, "change_message": ""}}, {"model": "admin.logentry", "pk": 269, "fields": {"action_time": "2021-03-19T01:06:58.366Z", "user": 2, "content_type": 11, "object_id": "11", "object_repr": "UserAnswer object (11)", "action_flag": 3, "change_message": ""}}, {"model": "admin.logentry", "pk": 270, "fields": {"action_time": "2021-03-19T01:06:58.375Z", "user": 2, "content_type": 11, "object_id": "12", "object_repr": "UserAnswer object (12)", "action_flag": 3, "change_message": ""}}, {"model": "admin.logentry", "pk": 271, "fields": {"action_time": "2021-03-19T01:06:58.381Z", "user": 2, "content_type": 11, "object_id": "13", "object_repr": "UserAnswer object (13)", "action_flag": 3, "change_message": ""}}, {"model": "admin.logentry", "pk": 272, "fields": {"action_time": "2021-03-19T01:06:58.386Z", "user": 2, "content_type": 11, "object_id": "14", "object_repr": "UserAnswer object (14)", "action_flag": 3, "change_message": ""}}, {"model": "admin.logentry", "pk": 273, "fields": {"action_time": "2021-03-19T01:06:58.392Z", "user": 2, "content_type": 11, "object_id": "15", "object_repr": "UserAnswer object (15)", "action_flag": 3, "change_message": ""}}, {"model": "admin.logentry", "pk": 274, "fields": {"action_time": "2021-03-19T10:13:14.721Z", "user": 2, "content_type": 11, "object_id": "16", "object_repr": "UserAnswer object (16)", "action_flag": 3, "change_message": ""}}, {"model": "admin.logentry", "pk": 275, "fields": {"action_time": "2021-03-19T10:13:14.728Z", "user": 2, "content_type": 11, "object_id": "17", "object_repr": "UserAnswer object (17)", "action_flag": 3, "change_message": ""}}, {"model": "admin.logentry", "pk": 276, "fields": {"action_time": "2021-03-19T10:13:14.734Z", "user": 2, "content_type": 11, "object_id": "18", "object_repr": "UserAnswer object (18)", "action_flag": 3, "change_message": ""}}, {"model": "admin.logentry", "pk": 277, "fields": {"action_time": "2021-03-19T10:13:14.739Z", "user": 2, "content_type": 11, "object_id": "19", "object_repr": "UserAnswer object (19)", "action_flag": 3, "change_message": ""}}, {"model": "admin.logentry", "pk": 278, "fields": {"action_time": "2021-03-19T10:13:14.745Z", "user": 2, "content_type": 11, "object_id": "20", "object_repr": "UserAnswer object (20)", "action_flag": 3, "change_message": ""}}, {"model": "admin.logentry", "pk": 279, "fields": {"action_time": "2021-03-19T10:13:14.750Z", "user": 2, "content_type": 11, "object_id": "21", "object_repr": "UserAnswer object (21)", "action_flag": 3, "change_message": ""}}, {"model": "admin.logentry", "pk": 280, "fields": {"action_time": "2021-03-19T10:13:14.757Z", "user": 2, "content_type": 11, "object_id": "22", "object_repr": "UserAnswer object (22)", "action_flag": 3, "change_message": ""}}, {"model": "admin.logentry", "pk": 281, "fields": {"action_time": "2021-03-19T10:13:14.763Z", "user": 2, "content_type": 11, "object_id": "23", "object_repr": "UserAnswer object (23)", "action_flag": 3, "change_message": ""}}, {"model": "admin.logentry", "pk": 282, "fields": {"action_time": "2021-03-19T10:13:14.769Z", "user": 2, "content_type": 11, "object_id": "24", "object_repr": "UserAnswer object (24)", "action_flag": 3, "change_message": ""}}, {"model": "admin.logentry", "pk": 283, "fields": {"action_time": "2021-03-19T10:13:14.775Z", "user": 2, "content_type": 11, "object_id": "25", "object_repr": "UserAnswer object (25)", "action_flag": 3, "change_message": ""}}, {"model": "admin.logentry", "pk": 284, "fields": {"action_time": "2021-03-19T10:13:14.781Z", "user": 2, "content_type": 11, "object_id": "26", "object_repr": "UserAnswer object (26)", "action_flag": 3, "change_message": ""}}, {"model": "admin.logentry", "pk": 285, "fields": {"action_time": "2021-03-19T10:13:14.786Z", "user": 2, "content_type": 11, "object_id": "27", "object_repr": "UserAnswer object (27)", "action_flag": 3, "change_message": ""}}, {"model": "admin.logentry", "pk": 286, "fields": {"action_time": "2021-03-19T10:13:14.791Z", "user": 2, "content_type": 11, "object_id": "28", "object_repr": "UserAnswer object (28)", "action_flag": 3, "change_message": ""}}, {"model": "admin.logentry", "pk": 287, "fields": {"action_time": "2021-03-19T10:13:14.799Z", "user": 2, "content_type": 11, "object_id": "29", "object_repr": "UserAnswer object (29)", "action_flag": 3, "change_message": ""}}, {"model": "admin.logentry", "pk": 288, "fields": {"action_time": "2021-03-19T10:13:14.805Z", "user": 2, "content_type": 11, "object_id": "30", "object_repr": "UserAnswer object (30)", "action_flag": 3, "change_message": ""}}, {"model": "admin.logentry", "pk": 289, "fields": {"action_time": "2021-03-19T10:13:14.810Z", "user": 2, "content_type": 11, "object_id": "31", "object_repr": "UserAnswer object (31)", "action_flag": 3, "change_message": ""}}, {"model": "admin.logentry", "pk": 290, "fields": {"action_time": "2021-03-19T10:13:14.816Z", "user": 2, "content_type": 11, "object_id": "32", "object_repr": "UserAnswer object (32)", "action_flag": 3, "change_message": ""}}, {"model": "admin.logentry", "pk": 291, "fields": {"action_time": "2021-03-19T10:13:14.823Z", "user": 2, "content_type": 11, "object_id": "33", "object_repr": "UserAnswer object (33)", "action_flag": 3, "change_message": ""}}, {"model": "admin.logentry", "pk": 292, "fields": {"action_time": "2021-03-19T10:13:14.828Z", "user": 2, "content_type": 11, "object_id": "34", "object_repr": "UserAnswer object (34)", "action_flag": 3, "change_message": ""}}, {"model": "admin.logentry", "pk": 293, "fields": {"action_time": "2021-03-19T10:13:14.836Z", "user": 2, "content_type": 11, "object_id": "35", "object_repr": "UserAnswer object (35)", "action_flag": 3, "change_message": ""}}, {"model": "admin.logentry", "pk": 294, "fields": {"action_time": "2021-03-19T10:13:14.843Z", "user": 2, "content_type": 11, "object_id": "36", "object_repr": "UserAnswer object (36)", "action_flag": 3, "change_message": ""}}, {"model": "admin.logentry", "pk": 295, "fields": {"action_time": "2021-03-19T10:13:14.848Z", "user": 2, "content_type": 11, "object_id": "37", "object_repr": "UserAnswer object (37)", "action_flag": 3, "change_message": ""}}, {"model": "admin.logentry", "pk": 296, "fields": {"action_time": "2021-03-19T10:13:14.853Z", "user": 2, "content_type": 11, "object_id": "38", "object_repr": "UserAnswer object (38)", "action_flag": 3, "change_message": ""}}, {"model": "admin.logentry", "pk": 297, "fields": {"action_time": "2021-03-19T10:13:14.859Z", "user": 2, "content_type": 11, "object_id": "39", "object_repr": "UserAnswer object (39)", "action_flag": 3, "change_message": ""}}, {"model": "admin.logentry", "pk": 298, "fields": {"action_time": "2021-03-19T10:13:14.865Z", "user": 2, "content_type": 11, "object_id": "40", "object_repr": "UserAnswer object (40)", "action_flag": 3, "change_message": ""}}, {"model": "admin.logentry", "pk": 299, "fields": {"action_time": "2021-03-19T10:13:14.871Z", "user": 2, "content_type": 11, "object_id": "41", "object_repr": "UserAnswer object (41)", "action_flag": 3, "change_message": ""}}, {"model": "admin.logentry", "pk": 300, "fields": {"action_time": "2021-03-19T10:13:14.880Z", "user": 2, "content_type": 11, "object_id": "42", "object_repr": "UserAnswer object (42)", "action_flag": 3, "change_message": ""}}, {"model": "admin.logentry", "pk": 301, "fields": {"action_time": "2021-03-19T10:13:14.888Z", "user": 2, "content_type": 11, "object_id": "43", "object_repr": "UserAnswer object (43)", "action_flag": 3, "change_message": ""}}, {"model": "admin.logentry", "pk": 302, "fields": {"action_time": "2021-03-19T10:13:14.894Z", "user": 2, "content_type": 11, "object_id": "44", "object_repr": "UserAnswer object (44)", "action_flag": 3, "change_message": ""}}, {"model": "admin.logentry", "pk": 303, "fields": {"action_time": "2021-03-19T10:13:14.899Z", "user": 2, "content_type": 11, "object_id": "45", "object_repr": "UserAnswer object (45)", "action_flag": 3, "change_message": ""}}, {"model": "admin.logentry", "pk": 304, "fields": {"action_time": "2021-03-19T10:13:14.904Z", "user": 2, "content_type": 11, "object_id": "46", "object_repr": "UserAnswer object (46)", "action_flag": 3, "change_message": ""}}, {"model": "admin.logentry", "pk": 305, "fields": {"action_time": "2021-03-19T10:13:14.909Z", "user": 2, "content_type": 11, "object_id": "47", "object_repr": "UserAnswer object (47)", "action_flag": 3, "change_message": ""}}, {"model": "admin.logentry", "pk": 306, "fields": {"action_time": "2021-03-19T10:13:14.915Z", "user": 2, "content_type": 11, "object_id": "48", "object_repr": "UserAnswer object (48)", "action_flag": 3, "change_message": ""}}, {"model": "admin.logentry", "pk": 307, "fields": {"action_time": "2021-03-19T10:13:14.920Z", "user": 2, "content_type": 11, "object_id": "49", "object_repr": "UserAnswer object (49)", "action_flag": 3, "change_message": ""}}, {"model": "admin.logentry", "pk": 308, "fields": {"action_time": "2021-03-19T10:13:14.926Z", "user": 2, "content_type": 11, "object_id": "50", "object_repr": "UserAnswer object (50)", "action_flag": 3, "change_message": ""}}, {"model": "admin.logentry", "pk": 309, "fields": {"action_time": "2021-03-19T10:13:14.931Z", "user": 2, "content_type": 11, "object_id": "51", "object_repr": "UserAnswer object (51)", "action_flag": 3, "change_message": ""}}, {"model": "admin.logentry", "pk": 310, "fields": {"action_time": "2021-03-19T10:13:14.937Z", "user": 2, "content_type": 11, "object_id": "52", "object_repr": "UserAnswer object (52)", "action_flag": 3, "change_message": ""}}, {"model": "admin.logentry", "pk": 311, "fields": {"action_time": "2021-03-19T10:13:14.942Z", "user": 2, "content_type": 11, "object_id": "53", "object_repr": "UserAnswer object (53)", "action_flag": 3, "change_message": ""}}, {"model": "admin.logentry", "pk": 312, "fields": {"action_time": "2021-03-19T10:13:14.948Z", "user": 2, "content_type": 11, "object_id": "54", "object_repr": "UserAnswer object (54)", "action_flag": 3, "change_message": ""}}, {"model": "admin.logentry", "pk": 313, "fields": {"action_time": "2021-03-19T10:13:14.955Z", "user": 2, "content_type": 11, "object_id": "55", "object_repr": "UserAnswer object (55)", "action_flag": 3, "change_message": ""}}, {"model": "admin.logentry", "pk": 314, "fields": {"action_time": "2021-03-19T10:13:14.961Z", "user": 2, "content_type": 11, "object_id": "56", "object_repr": "UserAnswer object (56)", "action_flag": 3, "change_message": ""}}, {"model": "admin.logentry", "pk": 315, "fields": {"action_time": "2021-03-19T10:13:14.966Z", "user": 2, "content_type": 11, "object_id": "57", "object_repr": "UserAnswer object (57)", "action_flag": 3, "change_message": ""}}, {"model": "admin.logentry", "pk": 316, "fields": {"action_time": "2021-03-19T10:13:14.972Z", "user": 2, "content_type": 11, "object_id": "58", "object_repr": "UserAnswer object (58)", "action_flag": 3, "change_message": ""}}, {"model": "admin.logentry", "pk": 317, "fields": {"action_time": "2021-03-19T10:13:14.979Z", "user": 2, "content_type": 11, "object_id": "59", "object_repr": "UserAnswer object (59)", "action_flag": 3, "change_message": ""}}, {"model": "admin.logentry", "pk": 318, "fields": {"action_time": "2021-03-19T10:13:14.985Z", "user": 2, "content_type": 11, "object_id": "60", "object_repr": "UserAnswer object (60)", "action_flag": 3, "change_message": ""}}, {"model": "admin.logentry", "pk": 319, "fields": {"action_time": "2021-03-19T10:13:14.991Z", "user": 2, "content_type": 11, "object_id": "61", "object_repr": "UserAnswer object (61)", "action_flag": 3, "change_message": ""}}, {"model": "admin.logentry", "pk": 320, "fields": {"action_time": "2021-03-19T10:13:14.997Z", "user": 2, "content_type": 11, "object_id": "62", "object_repr": "UserAnswer object (62)", "action_flag": 3, "change_message": ""}}, {"model": "admin.logentry", "pk": 321, "fields": {"action_time": "2021-03-19T10:13:15.003Z", "user": 2, "content_type": 11, "object_id": "63", "object_repr": "UserAnswer object (63)", "action_flag": 3, "change_message": ""}}, {"model": "admin.logentry", "pk": 322, "fields": {"action_time": "2021-03-19T10:13:15.008Z", "user": 2, "content_type": 11, "object_id": "64", "object_repr": "UserAnswer object (64)", "action_flag": 3, "change_message": ""}}, {"model": "admin.logentry", "pk": 323, "fields": {"action_time": "2021-03-19T10:13:15.014Z", "user": 2, "content_type": 11, "object_id": "65", "object_repr": "UserAnswer object (65)", "action_flag": 3, "change_message": ""}}, {"model": "admin.logentry", "pk": 324, "fields": {"action_time": "2021-03-19T10:13:15.020Z", "user": 2, "content_type": 11, "object_id": "66", "object_repr": "UserAnswer object (66)", "action_flag": 3, "change_message": ""}}, {"model": "admin.logentry", "pk": 325, "fields": {"action_time": "2021-03-19T10:13:15.026Z", "user": 2, "content_type": 11, "object_id": "67", "object_repr": "UserAnswer object (67)", "action_flag": 3, "change_message": ""}}, {"model": "admin.logentry", "pk": 326, "fields": {"action_time": "2021-03-19T10:13:15.033Z", "user": 2, "content_type": 11, "object_id": "68", "object_repr": "UserAnswer object (68)", "action_flag": 3, "change_message": ""}}, {"model": "admin.logentry", "pk": 327, "fields": {"action_time": "2021-03-19T10:13:15.038Z", "user": 2, "content_type": 11, "object_id": "69", "object_repr": "UserAnswer object (69)", "action_flag": 3, "change_message": ""}}, {"model": "admin.logentry", "pk": 328, "fields": {"action_time": "2021-03-19T10:13:15.044Z", "user": 2, "content_type": 11, "object_id": "70", "object_repr": "UserAnswer object (70)", "action_flag": 3, "change_message": ""}}, {"model": "admin.logentry", "pk": 329, "fields": {"action_time": "2021-03-19T10:13:15.049Z", "user": 2, "content_type": 11, "object_id": "71", "object_repr": "UserAnswer object (71)", "action_flag": 3, "change_message": ""}}, {"model": "admin.logentry", "pk": 330, "fields": {"action_time": "2021-03-19T10:13:15.054Z", "user": 2, "content_type": 11, "object_id": "72", "object_repr": "UserAnswer object (72)", "action_flag": 3, "change_message": ""}}, {"model": "admin.logentry", "pk": 331, "fields": {"action_time": "2021-03-19T10:13:15.060Z", "user": 2, "content_type": 11, "object_id": "73", "object_repr": "UserAnswer object (73)", "action_flag": 3, "change_message": ""}}, {"model": "admin.logentry", "pk": 332, "fields": {"action_time": "2021-03-19T10:13:15.065Z", "user": 2, "content_type": 11, "object_id": "74", "object_repr": "UserAnswer object (74)", "action_flag": 3, "change_message": ""}}, {"model": "admin.logentry", "pk": 333, "fields": {"action_time": "2021-03-19T10:13:15.071Z", "user": 2, "content_type": 11, "object_id": "75", "object_repr": "UserAnswer object (75)", "action_flag": 3, "change_message": ""}}, {"model": "admin.logentry", "pk": 334, "fields": {"action_time": "2021-03-19T10:13:15.076Z", "user": 2, "content_type": 11, "object_id": "76", "object_repr": "UserAnswer object (76)", "action_flag": 3, "change_message": ""}}, {"model": "admin.logentry", "pk": 335, "fields": {"action_time": "2021-03-19T10:18:06.909Z", "user": 2, "content_type": 11, "object_id": "77", "object_repr": "UserAnswer object (77)", "action_flag": 3, "change_message": ""}}, {"model": "admin.logentry", "pk": 336, "fields": {"action_time": "2021-03-19T10:18:06.916Z", "user": 2, "content_type": 11, "object_id": "78", "object_repr": "UserAnswer object (78)", "action_flag": 3, "change_message": ""}}, {"model": "admin.logentry", "pk": 337, "fields": {"action_time": "2021-03-19T10:18:06.981Z", "user": 2, "content_type": 11, "object_id": "79", "object_repr": "UserAnswer object (79)", "action_flag": 3, "change_message": ""}}, {"model": "admin.logentry", "pk": 338, "fields": {"action_time": "2021-03-19T10:18:06.989Z", "user": 2, "content_type": 11, "object_id": "80", "object_repr": "UserAnswer object (80)", "action_flag": 3, "change_message": ""}}, {"model": "admin.logentry", "pk": 339, "fields": {"action_time": "2021-03-19T10:18:06.997Z", "user": 2, "content_type": 11, "object_id": "81", "object_repr": "UserAnswer object (81)", "action_flag": 3, "change_message": ""}}, {"model": "admin.logentry", "pk": 340, "fields": {"action_time": "2021-03-19T10:18:07.004Z", "user": 2, "content_type": 11, "object_id": "82", "object_repr": "UserAnswer object (82)", "action_flag": 3, "change_message": ""}}, {"model": "admin.logentry", "pk": 341, "fields": {"action_time": "2021-03-19T10:27:45.234Z", "user": 2, "content_type": 10, "object_id": "35", "object_repr": "[('0', '\u0421\u0432\u043e\u0439 \u043e\u0442\u0432\u0435\u0442'), ('1', '\u0412\u044b\u0431\u043e\u0440 \u043e\u0434\u043d\u043e\u0433\u043e \u043e\u0442\u0432\u0435\u0442\u0430'), ('2', '\u0412\u044b\u0431\u043e\u0440 \u043d\u0435\u0441\u043a\u043e\u043b\u044c\u043a\u0438\u0445 \u043e\u0442\u0432\u0435\u0442\u043e\u0432')] - qqqqqqq", "action_flag": 1, "change_message": "[{\"added\": {}}]"}}, {"model": "admin.logentry", "pk": 342, "fields": {"action_time": "2021-03-19T10:31:23.999Z", "user": 2, "content_type": 11, "object_id": "83", "object_repr": "UserAnswer object (83)", "action_flag": 3, "change_message": ""}}, {"model": "admin.logentry", "pk": 343, "fields": {"action_time": "2021-03-19T10:31:24.005Z", "user": 2, "content_type": 11, "object_id": "84", "object_repr": "UserAnswer object (84)", "action_flag": 3, "change_message": ""}}, {"model": "admin.logentry", "pk": 344, "fields": {"action_time": "2021-03-19T10:31:24.010Z", "user": 2, "content_type": 11, "object_id": "85", "object_repr": "UserAnswer object (85)", "action_flag": 3, "change_message": ""}}, {"model": "admin.logentry", "pk": 345, "fields": {"action_time": "2021-03-19T10:31:24.016Z", "user": 2, "content_type": 11, "object_id": "86", "object_repr": "UserAnswer object (86)", "action_flag": 3, "change_message": ""}}, {"model": "admin.logentry", "pk": 346, "fields": {"action_time": "2021-03-19T13:55:12.997Z", "user": 2, "content_type": 11, "object_id": "87", "object_repr": "UserAnswer object (87)", "action_flag": 3, "change_message": ""}}, {"model": "admin.logentry", "pk": 347, "fields": {"action_time": "2021-03-19T13:55:13.003Z", "user": 2, "content_type": 11, "object_id": "88", "object_repr": "UserAnswer object (88)", "action_flag": 3, "change_message": ""}}, {"model": "admin.logentry", "pk": 348, "fields": {"action_time": "2021-03-19T13:55:13.010Z", "user": 2, "content_type": 11, "object_id": "89", "object_repr": "UserAnswer object (89)", "action_flag": 3, "change_message": ""}}, {"model": "admin.logentry", "pk": 349, "fields": {"action_time": "2021-03-19T13:55:13.016Z", "user": 2, "content_type": 11, "object_id": "90", "object_repr": "UserAnswer object (90)", "action_flag": 3, "change_message": ""}}, {"model": "admin.logentry", "pk": 350, "fields": {"action_time": "2021-03-19T13:55:13.023Z", "user": 2, "content_type": 11, "object_id": "91", "object_repr": "UserAnswer object (91)", "action_flag": 3, "change_message": ""}}, {"model": "admin.logentry", "pk": 351, "fields": {"action_time": "2021-03-19T13:55:13.031Z", "user": 2, "content_type": 11, "object_id": "92", "object_repr": "UserAnswer object (92)", "action_flag": 3, "change_message": ""}}, {"model": "admin.logentry", "pk": 352, "fields": {"action_time": "2021-03-19T13:55:13.038Z", "user": 2, "content_type": 11, "object_id": "93", "object_repr": "UserAnswer object (93)", "action_flag": 3, "change_message": ""}}, {"model": "admin.logentry", "pk": 353, "fields": {"action_time": "2021-03-19T13:55:13.045Z", "user": 2, "content_type": 11, "object_id": "94", "object_repr": "UserAnswer object (94)", "action_flag": 3, "change_message": ""}}, {"model": "admin.logentry", "pk": 354, "fields": {"action_time": "2021-03-19T13:55:13.052Z", "user": 2, "content_type": 11, "object_id": "95", "object_repr": "UserAnswer object (95)", "action_flag": 3, "change_message": ""}}, {"model": "admin.logentry", "pk": 355, "fields": {"action_time": "2021-03-19T13:55:13.060Z", "user": 2, "content_type": 11, "object_id": "96", "object_repr": "UserAnswer object (96)", "action_flag": 3, "change_message": ""}}, {"model": "admin.logentry", "pk": 356, "fields": {"action_time": "2021-03-19T13:55:13.067Z", "user": 2, "content_type": 11, "object_id": "97", "object_repr": "UserAnswer object (97)", "action_flag": 3, "change_message": ""}}, {"model": "admin.logentry", "pk": 357, "fields": {"action_time": "2021-03-19T13:55:13.074Z", "user": 2, "content_type": 11, "object_id": "98", "object_repr": "UserAnswer object (98)", "action_flag": 3, "change_message": ""}}, {"model": "admin.logentry", "pk": 358, "fields": {"action_time": "2021-03-19T13:55:13.081Z", "user": 2, "content_type": 11, "object_id": "99", "object_repr": "UserAnswer object (99)", "action_flag": 3, "change_message": ""}}, {"model": "admin.logentry", "pk": 359, "fields": {"action_time": "2021-03-19T13:55:13.088Z", "user": 2, "content_type": 11, "object_id": "100", "object_repr": "UserAnswer object (100)", "action_flag": 3, "change_message": ""}}, {"model": "admin.logentry", "pk": 360, "fields": {"action_time": "2021-03-19T13:55:13.095Z", "user": 2, "content_type": 11, "object_id": "101", "object_repr": "UserAnswer object (101)", "action_flag": 3, "change_message": ""}}, {"model": "admin.logentry", "pk": 361, "fields": {"action_time": "2021-03-19T13:55:13.101Z", "user": 2, "content_type": 11, "object_id": "102", "object_repr": "UserAnswer object (102)", "action_flag": 3, "change_message": ""}}, {"model": "admin.logentry", "pk": 362, "fields": {"action_time": "2021-03-19T15:36:30.283Z", "user": 2, "content_type": 11, "object_id": "103", "object_repr": "UserAnswer object (103)", "action_flag": 3, "change_message": ""}}, {"model": "admin.logentry", "pk": 363, "fields": {"action_time": "2021-03-19T15:36:30.290Z", "user": 2, "content_type": 11, "object_id": "104", "object_repr": "UserAnswer object (104)", "action_flag": 3, "change_message": ""}}, {"model": "admin.logentry", "pk": 364, "fields": {"action_time": "2021-03-19T15:36:30.297Z", "user": 2, "content_type": 11, "object_id": "105", "object_repr": "UserAnswer object (105)", "action_flag": 3, "change_message": ""}}, {"model": "admin.logentry", "pk": 365, "fields": {"action_time": "2021-03-19T15:36:30.306Z", "user": 2, "content_type": 11, "object_id": "106", "object_repr": "UserAnswer object (106)", "action_flag": 3, "change_message": ""}}, {"model": "admin.logentry", "pk": 366, "fields": {"action_time": "2021-03-19T15:36:30.314Z", "user": 2, "content_type": 11, "object_id": "107", "object_repr": "UserAnswer object (107)", "action_flag": 3, "change_message": ""}}, {"model": "admin.logentry", "pk": 367, "fields": {"action_time": "2021-03-19T15:36:30.320Z", "user": 2, "content_type": 11, "object_id": "108", "object_repr": "UserAnswer object (108)", "action_flag": 3, "change_message": ""}}, {"model": "admin.logentry", "pk": 368, "fields": {"action_time": "2021-03-19T15:36:30.327Z", "user": 2, "content_type": 11, "object_id": "109", "object_repr": "UserAnswer object (109)", "action_flag": 3, "change_message": ""}}, {"model": "admin.logentry", "pk": 369, "fields": {"action_time": "2021-03-19T15:36:30.334Z", "user": 2, "content_type": 11, "object_id": "110", "object_repr": "UserAnswer object (110)", "action_flag": 3, "change_message": ""}}, {"model": "admin.logentry", "pk": 370, "fields": {"action_time": "2021-03-19T15:36:30.342Z", "user": 2, "content_type": 11, "object_id": "111", "object_repr": "UserAnswer object (111)", "action_flag": 3, "change_message": ""}}, {"model": "admin.logentry", "pk": 371, "fields": {"action_time": "2021-03-19T15:36:30.348Z", "user": 2, "content_type": 11, "object_id": "112", "object_repr": "UserAnswer object (112)", "action_flag": 3, "change_message": ""}}, {"model": "admin.logentry", "pk": 372, "fields": {"action_time": "2021-03-19T15:36:30.356Z", "user": 2, "content_type": 11, "object_id": "113", "object_repr": "UserAnswer object (113)", "action_flag": 3, "change_message": ""}}, {"model": "admin.logentry", "pk": 373, "fields": {"action_time": "2021-03-19T15:36:30.363Z", "user": 2, "content_type": 11, "object_id": "114", "object_repr": "UserAnswer object (114)", "action_flag": 3, "change_message": ""}}, {"model": "admin.logentry", "pk": 374, "fields": {"action_time": "2021-03-19T15:36:30.370Z", "user": 2, "content_type": 11, "object_id": "115", "object_repr": "UserAnswer object (115)", "action_flag": 3, "change_message": ""}}, {"model": "admin.logentry", "pk": 375, "fields": {"action_time": "2021-03-19T15:36:30.375Z", "user": 2, "content_type": 11, "object_id": "116", "object_repr": "UserAnswer object (116)", "action_flag": 3, "change_message": ""}}, {"model": "admin.logentry", "pk": 376, "fields": {"action_time": "2021-03-19T15:36:30.381Z", "user": 2, "content_type": 11, "object_id": "117", "object_repr": "UserAnswer object (117)", "action_flag": 3, "change_message": ""}}, {"model": "admin.logentry", "pk": 377, "fields": {"action_time": "2021-03-19T15:36:30.389Z", "user": 2, "content_type": 11, "object_id": "118", "object_repr": "UserAnswer object (118)", "action_flag": 3, "change_message": ""}}, {"model": "admin.logentry", "pk": 378, "fields": {"action_time": "2021-03-19T16:45:50.433Z", "user": 2, "content_type": 11, "object_id": "119", "object_repr": "UserAnswer object (119)", "action_flag": 3, "change_message": ""}}, {"model": "admin.logentry", "pk": 379, "fields": {"action_time": "2021-03-19T16:45:50.439Z", "user": 2, "content_type": 11, "object_id": "120", "object_repr": "UserAnswer object (120)", "action_flag": 3, "change_message": ""}}, {"model": "admin.logentry", "pk": 380, "fields": {"action_time": "2021-03-19T16:45:50.445Z", "user": 2, "content_type": 11, "object_id": "121", "object_repr": "UserAnswer object (121)", "action_flag": 3, "change_message": ""}}, {"model": "admin.logentry", "pk": 381, "fields": {"action_time": "2021-03-19T16:45:50.451Z", "user": 2, "content_type": 11, "object_id": "122", "object_repr": "UserAnswer object (122)", "action_flag": 3, "change_message": ""}}, {"model": "admin.logentry", "pk": 382, "fields": {"action_time": "2021-03-19T16:45:50.457Z", "user": 2, "content_type": 11, "object_id": "123", "object_repr": "UserAnswer object (123)", "action_flag": 3, "change_message": ""}}, {"model": "admin.logentry", "pk": 383, "fields": {"action_time": "2021-03-19T16:45:50.463Z", "user": 2, "content_type": 11, "object_id": "124", "object_repr": "UserAnswer object (124)", "action_flag": 3, "change_message": ""}}, {"model": "admin.logentry", "pk": 384, "fields": {"action_time": "2021-03-19T16:45:50.469Z", "user": 2, "content_type": 11, "object_id": "125", "object_repr": "UserAnswer object (125)", "action_flag": 3, "change_message": ""}}, {"model": "admin.logentry", "pk": 385, "fields": {"action_time": "2021-03-19T16:45:50.475Z", "user": 2, "content_type": 11, "object_id": "126", "object_repr": "UserAnswer object (126)", "action_flag": 3, "change_message": ""}}, {"model": "admin.logentry", "pk": 386, "fields": {"action_time": "2021-03-19T16:45:50.481Z", "user": 2, "content_type": 11, "object_id": "127", "object_repr": "UserAnswer object (127)", "action_flag": 3, "change_message": ""}}, {"model": "admin.logentry", "pk": 387, "fields": {"action_time": "2021-03-19T16:45:50.486Z", "user": 2, "content_type": 11, "object_id": "128", "object_repr": "UserAnswer object (128)", "action_flag": 3, "change_message": ""}}, {"model": "admin.logentry", "pk": 388, "fields": {"action_time": "2021-03-19T17:33:25.192Z", "user": 2, "content_type": 11, "object_id": "129", "object_repr": "UserAnswer object (129)", "action_flag": 3, "change_message": ""}}, {"model": "admin.logentry", "pk": 389, "fields": {"action_time": "2021-03-19T17:33:25.198Z", "user": 2, "content_type": 11, "object_id": "130", "object_repr": "UserAnswer object (130)", "action_flag": 3, "change_message": ""}}, {"model": "admin.logentry", "pk": 390, "fields": {"action_time": "2021-03-19T17:33:25.203Z", "user": 2, "content_type": 11, "object_id": "131", "object_repr": "UserAnswer object (131)", "action_flag": 3, "change_message": ""}}, {"model": "admin.logentry", "pk": 391, "fields": {"action_time": "2021-03-19T17:33:25.208Z", "user": 2, "content_type": 11, "object_id": "132", "object_repr": "UserAnswer object (132)", "action_flag": 3, "change_message": ""}}, {"model": "admin.logentry", "pk": 392, "fields": {"action_time": "2021-03-19T17:33:25.213Z", "user": 2, "content_type": 11, "object_id": "133", "object_repr": "UserAnswer object (133)", "action_flag": 3, "change_message": ""}}, {"model": "admin.logentry", "pk": 393, "fields": {"action_time": "2021-03-19T17:33:25.220Z", "user": 2, "content_type": 11, "object_id": "134", "object_repr": "UserAnswer object (134)", "action_flag": 3, "change_message": ""}}, {"model": "admin.logentry", "pk": 394, "fields": {"action_time": "2021-03-19T17:33:25.226Z", "user": 2, "content_type": 11, "object_id": "135", "object_repr": "UserAnswer object (135)", "action_flag": 3, "change_message": ""}}, {"model": "admin.logentry", "pk": 395, "fields": {"action_time": "2021-03-19T17:33:25.231Z", "user": 2, "content_type": 11, "object_id": "136", "object_repr": "UserAnswer object (136)", "action_flag": 3, "change_message": ""}}, {"model": "admin.logentry", "pk": 396, "fields": {"action_time": "2021-03-19T17:33:25.236Z", "user": 2, "content_type": 11, "object_id": "137", "object_repr": "UserAnswer object (137)", "action_flag": 3, "change_message": ""}}, {"model": "admin.logentry", "pk": 397, "fields": {"action_time": "2021-03-19T17:33:25.242Z", "user": 2, "content_type": 11, "object_id": "138", "object_repr": "UserAnswer object (138)", "action_flag": 3, "change_message": ""}}, {"model": "admin.logentry", "pk": 398, "fields": {"action_time": "2021-03-19T17:33:25.247Z", "user": 2, "content_type": 11, "object_id": "139", "object_repr": "UserAnswer object (139)", "action_flag": 3, "change_message": ""}}, {"model": "admin.logentry", "pk": 399, "fields": {"action_time": "2021-03-19T17:33:25.252Z", "user": 2, "content_type": 11, "object_id": "140", "object_repr": "UserAnswer object (140)", "action_flag": 3, "change_message": ""}}, {"model": "admin.logentry", "pk": 400, "fields": {"action_time": "2021-03-19T17:33:25.257Z", "user": 2, "content_type": 11, "object_id": "141", "object_repr": "UserAnswer object (141)", "action_flag": 3, "change_message": ""}}, {"model": "admin.logentry", "pk": 401, "fields": {"action_time": "2021-03-19T17:33:25.262Z", "user": 2, "content_type": 11, "object_id": "142", "object_repr": "UserAnswer object (142)", "action_flag": 3, "change_message": ""}}, {"model": "admin.logentry", "pk": 402, "fields": {"action_time": "2021-03-19T17:33:25.268Z", "user": 2, "content_type": 11, "object_id": "143", "object_repr": "UserAnswer object (143)", "action_flag": 3, "change_message": ""}}, {"model": "admin.logentry", "pk": 403, "fields": {"action_time": "2021-03-19T17:33:25.273Z", "user": 2, "content_type": 11, "object_id": "144", "object_repr": "UserAnswer object (144)", "action_flag": 3, "change_message": ""}}, {"model": "admin.logentry", "pk": 404, "fields": {"action_time": "2021-03-19T17:33:25.278Z", "user": 2, "content_type": 11, "object_id": "145", "object_repr": "UserAnswer object (145)", "action_flag": 3, "change_message": ""}}, {"model": "admin.logentry", "pk": 405, "fields": {"action_time": "2021-03-19T17:33:25.284Z", "user": 2, "content_type": 11, "object_id": "146", "object_repr": "UserAnswer object (146)", "action_flag": 3, "change_message": ""}}, {"model": "admin.logentry", "pk": 406, "fields": {"action_time": "2021-03-19T17:33:25.290Z", "user": 2, "content_type": 11, "object_id": "147", "object_repr": "UserAnswer object (147)", "action_flag": 3, "change_message": ""}}, {"model": "admin.logentry", "pk": 407, "fields": {"action_time": "2021-03-19T17:33:25.295Z", "user": 2, "content_type": 11, "object_id": "148", "object_repr": "UserAnswer object (148)", "action_flag": 3, "change_message": ""}}, {"model": "admin.logentry", "pk": 408, "fields": {"action_time": "2021-03-19T17:33:25.301Z", "user": 2, "content_type": 11, "object_id": "149", "object_repr": "UserAnswer object (149)", "action_flag": 3, "change_message": ""}}, {"model": "admin.logentry", "pk": 409, "fields": {"action_time": "2021-03-19T17:33:25.307Z", "user": 2, "content_type": 11, "object_id": "150", "object_repr": "UserAnswer object (150)", "action_flag": 3, "change_message": ""}}, {"model": "admin.logentry", "pk": 410, "fields": {"action_time": "2021-03-19T17:33:25.313Z", "user": 2, "content_type": 11, "object_id": "151", "object_repr": "UserAnswer object (151)", "action_flag": 3, "change_message": ""}}, {"model": "admin.logentry", "pk": 411, "fields": {"action_time": "2021-03-19T17:45:02.997Z", "user": 2, "content_type": 11, "object_id": "152", "object_repr": "UserAnswer object (152)", "action_flag": 3, "change_message": ""}}, {"model": "admin.logentry", "pk": 412, "fields": {"action_time": "2021-03-19T17:45:03.003Z", "user": 2, "content_type": 11, "object_id": "153", "object_repr": "UserAnswer object (153)", "action_flag": 3, "change_message": ""}}, {"model": "admin.logentry", "pk": 413, "fields": {"action_time": "2021-03-19T17:45:03.011Z", "user": 2, "content_type": 11, "object_id": "154", "object_repr": "UserAnswer object (154)", "action_flag": 3, "change_message": ""}}, {"model": "admin.logentry", "pk": 414, "fields": {"action_time": "2021-03-19T17:45:03.018Z", "user": 2, "content_type": 11, "object_id": "155", "object_repr": "UserAnswer object (155)", "action_flag": 3, "change_message": ""}}, {"model": "admin.logentry", "pk": 415, "fields": {"action_time": "2021-03-19T17:45:03.023Z", "user": 2, "content_type": 11, "object_id": "156", "object_repr": "UserAnswer object (156)", "action_flag": 3, "change_message": ""}}, {"model": "admin.logentry", "pk": 416, "fields": {"action_time": "2021-03-19T17:45:03.029Z", "user": 2, "content_type": 11, "object_id": "157", "object_repr": "UserAnswer object (157)", "action_flag": 3, "change_message": ""}}, {"model": "admin.logentry", "pk": 417, "fields": {"action_time": "2021-03-19T17:45:03.035Z", "user": 2, "content_type": 11, "object_id": "158", "object_repr": "UserAnswer object (158)", "action_flag": 3, "change_message": ""}}, {"model": "admin.logentry", "pk": 418, "fields": {"action_time": "2021-03-19T17:45:03.041Z", "user": 2, "content_type": 11, "object_id": "159", "object_repr": "UserAnswer object (159)", "action_flag": 3, "change_message": ""}}, {"model": "admin.logentry", "pk": 419, "fields": {"action_time": "2021-03-19T18:20:18.242Z", "user": 2, "content_type": 11, "object_id": "160", "object_repr": "UserAnswer object (160)", "action_flag": 3, "change_message": ""}}, {"model": "admin.logentry", "pk": 420, "fields": {"action_time": "2021-03-19T18:20:18.248Z", "user": 2, "content_type": 11, "object_id": "161", "object_repr": "UserAnswer object (161)", "action_flag": 3, "change_message": ""}}, {"model": "admin.logentry", "pk": 421, "fields": {"action_time": "2021-03-19T18:20:18.254Z", "user": 2, "content_type": 11, "object_id": "162", "object_repr": "UserAnswer object (162)", "action_flag": 3, "change_message": ""}}, {"model": "admin.logentry", "pk": 422, "fields": {"action_time": "2021-03-19T18:20:18.260Z", "user": 2, "content_type": 11, "object_id": "163", "object_repr": "UserAnswer object (163)", "action_flag": 3, "change_message": ""}}, {"model": "admin.logentry", "pk": 423, "fields": {"action_time": "2021-03-19T18:20:18.265Z", "user": 2, "content_type": 11, "object_id": "164", "object_repr": "UserAnswer object (164)", "action_flag": 3, "change_message": ""}}, {"model": "admin.logentry", "pk": 424, "fields": {"action_time": "2021-03-19T18:20:18.270Z", "user": 2, "content_type": 11, "object_id": "165", "object_repr": "UserAnswer object (165)", "action_flag": 3, "change_message": ""}}, {"model": "admin.logentry", "pk": 425, "fields": {"action_time": "2021-03-19T18:20:18.276Z", "user": 2, "content_type": 11, "object_id": "166", "object_repr": "UserAnswer object (166)", "action_flag": 3, "change_message": ""}}, {"model": "admin.logentry", "pk": 426, "fields": {"action_time": "2021-03-19T18:20:18.281Z", "user": 2, "content_type": 11, "object_id": "167", "object_repr": "UserAnswer object (167)", "action_flag": 3, "change_message": ""}}, {"model": "admin.logentry", "pk": 427, "fields": {"action_time": "2021-03-19T18:20:18.287Z", "user": 2, "content_type": 11, "object_id": "168", "object_repr": "UserAnswer object (168)", "action_flag": 3, "change_message": ""}}, {"model": "admin.logentry", "pk": 428, "fields": {"action_time": "2021-03-19T18:20:18.292Z", "user": 2, "content_type": 11, "object_id": "169", "object_repr": "UserAnswer object (169)", "action_flag": 3, "change_message": ""}}, {"model": "admin.logentry", "pk": 429, "fields": {"action_time": "2021-03-19T18:20:18.298Z", "user": 2, "content_type": 11, "object_id": "170", "object_repr": "UserAnswer object (170)", "action_flag": 3, "change_message": ""}}, {"model": "admin.logentry", "pk": 430, "fields": {"action_time": "2021-03-19T18:20:18.304Z", "user": 2, "content_type": 11, "object_id": "171", "object_repr": "UserAnswer object (171)", "action_flag": 3, "change_message": ""}}, {"model": "admin.logentry", "pk": 431, "fields": {"action_time": "2021-03-19T18:20:18.310Z", "user": 2, "content_type": 11, "object_id": "172", "object_repr": "UserAnswer object (172)", "action_flag": 3, "change_message": ""}}, {"model": "admin.logentry", "pk": 432, "fields": {"action_time": "2021-03-19T18:20:18.316Z", "user": 2, "content_type": 11, "object_id": "173", "object_repr": "UserAnswer object (173)", "action_flag": 3, "change_message": ""}}, {"model": "admin.logentry", "pk": 433, "fields": {"action_time": "2021-03-19T18:20:18.322Z", "user": 2, "content_type": 11, "object_id": "174", "object_repr": "UserAnswer object (174)", "action_flag": 3, "change_message": ""}}, {"model": "admin.logentry", "pk": 434, "fields": {"action_time": "2021-03-19T18:20:18.328Z", "user": 2, "content_type": 11, "object_id": "175", "object_repr": "UserAnswer object (175)", "action_flag": 3, "change_message": ""}}, {"model": "admin.logentry", "pk": 435, "fields": {"action_time": "2021-03-19T18:20:18.334Z", "user": 2, "content_type": 11, "object_id": "176", "object_repr": "UserAnswer object (176)", "action_flag": 3, "change_message": ""}}, {"model": "admin.logentry", "pk": 436, "fields": {"action_time": "2021-03-19T18:20:18.340Z", "user": 2, "content_type": 11, "object_id": "177", "object_repr": "UserAnswer object (177)", "action_flag": 3, "change_message": ""}}, {"model": "admin.logentry", "pk": 437, "fields": {"action_time": "2021-03-19T18:20:18.346Z", "user": 2, "content_type": 11, "object_id": "178", "object_repr": "UserAnswer object (178)", "action_flag": 3, "change_message": ""}}, {"model": "admin.logentry", "pk": 438, "fields": {"action_time": "2021-03-19T18:20:18.351Z", "user": 2, "content_type": 11, "object_id": "179", "object_repr": "UserAnswer object (179)", "action_flag": 3, "change_message": ""}}, {"model": "admin.logentry", "pk": 439, "fields": {"action_time": "2021-03-19T18:20:18.357Z", "user": 2, "content_type": 11, "object_id": "180", "object_repr": "UserAnswer object (180)", "action_flag": 3, "change_message": ""}}, {"model": "admin.logentry", "pk": 440, "fields": {"action_time": "2021-03-19T18:20:18.362Z", "user": 2, "content_type": 11, "object_id": "181", "object_repr": "UserAnswer object (181)", "action_flag": 3, "change_message": ""}}, {"model": "admin.logentry", "pk": 441, "fields": {"action_time": "2021-03-19T18:20:18.368Z", "user": 2, "content_type": 11, "object_id": "182", "object_repr": "UserAnswer object (182)", "action_flag": 3, "change_message": ""}}, {"model": "admin.logentry", "pk": 442, "fields": {"action_time": "2021-03-19T18:20:18.373Z", "user": 2, "content_type": 11, "object_id": "183", "object_repr": "UserAnswer object (183)", "action_flag": 3, "change_message": ""}}, {"model": "admin.logentry", "pk": 443, "fields": {"action_time": "2021-03-19T18:20:18.379Z", "user": 2, "content_type": 11, "object_id": "184", "object_repr": "UserAnswer object (184)", "action_flag": 3, "change_message": ""}}, {"model": "admin.logentry", "pk": 444, "fields": {"action_time": "2021-03-19T18:20:18.387Z", "user": 2, "content_type": 11, "object_id": "185", "object_repr": "UserAnswer object (185)", "action_flag": 3, "change_message": ""}}, {"model": "admin.logentry", "pk": 445, "fields": {"action_time": "2021-03-19T18:20:18.394Z", "user": 2, "content_type": 11, "object_id": "186", "object_repr": "UserAnswer object (186)", "action_flag": 3, "change_message": ""}}, {"model": "admin.logentry", "pk": 446, "fields": {"action_time": "2021-03-19T18:20:18.402Z", "user": 2, "content_type": 11, "object_id": "187", "object_repr": "UserAnswer object (187)", "action_flag": 3, "change_message": ""}}, {"model": "admin.logentry", "pk": 447, "fields": {"action_time": "2021-03-19T18:20:18.408Z", "user": 2, "content_type": 11, "object_id": "188", "object_repr": "UserAnswer object (188)", "action_flag": 3, "change_message": ""}}, {"model": "admin.logentry", "pk": 448, "fields": {"action_time": "2021-03-19T18:20:18.415Z", "user": 2, "content_type": 11, "object_id": "189", "object_repr": "UserAnswer object (189)", "action_flag": 3, "change_message": ""}}, {"model": "admin.logentry", "pk": 449, "fields": {"action_time": "2021-03-19T18:20:18.422Z", "user": 2, "content_type": 11, "object_id": "190", "object_repr": "UserAnswer object (190)", "action_flag": 3, "change_message": ""}}, {"model": "admin.logentry", "pk": 450, "fields": {"action_time": "2021-03-19T18:20:18.430Z", "user": 2, "content_type": 11, "object_id": "191", "object_repr": "UserAnswer object (191)", "action_flag": 3, "change_message": ""}}, {"model": "admin.logentry", "pk": 451, "fields": {"action_time": "2021-03-19T18:20:18.437Z", "user": 2, "content_type": 11, "object_id": "192", "object_repr": "UserAnswer object (192)", "action_flag": 3, "change_message": ""}}, {"model": "admin.logentry", "pk": 452, "fields": {"action_time": "2021-03-19T18:20:18.444Z", "user": 2, "content_type": 11, "object_id": "193", "object_repr": "UserAnswer object (193)", "action_flag": 3, "change_message": ""}}, {"model": "admin.logentry", "pk": 453, "fields": {"action_time": "2021-03-19T18:20:18.453Z", "user": 2, "content_type": 11, "object_id": "194", "object_repr": "UserAnswer object (194)", "action_flag": 3, "change_message": ""}}, {"model": "admin.logentry", "pk": 454, "fields": {"action_time": "2021-03-19T18:20:18.460Z", "user": 2, "content_type": 11, "object_id": "195", "object_repr": "UserAnswer object (195)", "action_flag": 3, "change_message": ""}}, {"model": "admin.logentry", "pk": 455, "fields": {"action_time": "2021-03-19T18:20:18.467Z", "user": 2, "content_type": 11, "object_id": "196", "object_repr": "UserAnswer object (196)", "action_flag": 3, "change_message": ""}}, {"model": "admin.logentry", "pk": 456, "fields": {"action_time": "2021-03-19T18:20:18.473Z", "user": 2, "content_type": 11, "object_id": "197", "object_repr": "UserAnswer object (197)", "action_flag": 3, "change_message": ""}}, {"model": "admin.logentry", "pk": 457, "fields": {"action_time": "2021-03-19T18:20:18.482Z", "user": 2, "content_type": 11, "object_id": "198", "object_repr": "UserAnswer object (198)", "action_flag": 3, "change_message": ""}}, {"model": "admin.logentry", "pk": 458, "fields": {"action_time": "2021-03-19T18:20:18.491Z", "user": 2, "content_type": 11, "object_id": "199", "object_repr": "UserAnswer object (199)", "action_flag": 3, "change_message": ""}}, {"model": "admin.logentry", "pk": 459, "fields": {"action_time": "2021-03-19T18:20:18.500Z", "user": 2, "content_type": 11, "object_id": "200", "object_repr": "UserAnswer object (200)", "action_flag": 3, "change_message": ""}}, {"model": "admin.logentry", "pk": 460, "fields": {"action_time": "2021-03-19T18:20:18.507Z", "user": 2, "content_type": 11, "object_id": "201", "object_repr": "UserAnswer object (201)", "action_flag": 3, "change_message": ""}}, {"model": "admin.logentry", "pk": 461, "fields": {"action_time": "2021-03-19T18:20:18.514Z", "user": 2, "content_type": 11, "object_id": "202", "object_repr": "UserAnswer object (202)", "action_flag": 3, "change_message": ""}}, {"model": "admin.logentry", "pk": 462, "fields": {"action_time": "2021-03-19T18:20:18.521Z", "user": 2, "content_type": 11, "object_id": "203", "object_repr": "UserAnswer object (203)", "action_flag": 3, "change_message": ""}}, {"model": "admin.logentry", "pk": 463, "fields": {"action_time": "2021-03-19T18:22:27.878Z", "user": 2, "content_type": 9, "object_id": "5", "object_repr": "New \u043e\u043f\u0440\u043e\u0441", "action_flag": 2, "change_message": "[{\"changed\": {\"fields\": [\"questions\"]}}]"}}, {"model": "admin.logentry", "pk": 464, "fields": {"action_time": "2021-03-19T18:22:48.068Z", "user": 2, "content_type": 9, "object_id": "4", "object_repr": "\u041e \u043f\u043e\u043b\u044c\u0437\u043e\u0432\u0430\u0442\u0435\u043b\u0435", "action_flag": 2, "change_message": "[{\"changed\": {\"fields\": [\"questions\"]}}]"}}, {"model": "admin.logentry", "pk": 465, "fields": {"action_time": "2021-03-19T18:23:53.251Z", "user": 2, "content_type": 10, "object_id": "3", "object_repr": "1 - \u0421\u0435\u043c\u0435\u0439\u043d\u043e\u0435 \u043f\u043e\u043b\u043e\u0436\u0435\u043d\u0438\u0435?", "action_flag": 2, "change_message": "[{\"changed\": {\"fields\": [\"type_answer\", \"answers\"]}}]"}}, {"model": "admin.logentry", "pk": 466, "fields": {"action_time": "2021-03-19T18:25:06.541Z", "user": 2, "content_type": 11, "object_id": "204", "object_repr": "UserAnswer object (204)", "action_flag": 3, "change_message": ""}}, {"model": "admin.logentry", "pk": 467, "fields": {"action_time": "2021-03-19T18:25:06.547Z", "user": 2, "content_type": 11, "object_id": "205", "object_repr": "UserAnswer object (205)", "action_flag": 3, "change_message": ""}}, {"model": "admin.logentry", "pk": 468, "fields": {"action_time": "2021-03-19T18:25:06.553Z", "user": 2, "content_type": 11, "object_id": "206", "object_repr": "UserAnswer object (206)", "action_flag": 3, "change_message": ""}}, {"model": "admin.logentry", "pk": 469, "fields": {"action_time": "2021-03-19T18:25:06.558Z", "user": 2, "content_type": 11, "object_id": "207", "object_repr": "UserAnswer object (207)", "action_flag": 3, "change_message": ""}}, {"model": "admin.logentry", "pk": 470, "fields": {"action_time": "2021-03-19T18:25:06.564Z", "user": 2, "content_type": 11, "object_id": "208", "object_repr": "UserAnswer object (208)", "action_flag": 3, "change_message": ""}}, {"model": "admin.logentry", "pk": 471, "fields": {"action_time": "2021-03-19T18:25:06.571Z", "user": 2, "content_type": 11, "object_id": "209", "object_repr": "UserAnswer object (209)", "action_flag": 3, "change_message": ""}}, {"model": "admin.logentry", "pk": 472, "fields": {"action_time": "2021-03-19T18:25:06.577Z", "user": 2, "content_type": 11, "object_id": "210", "object_repr": "UserAnswer object (210)", "action_flag": 3, "change_message": ""}}, {"model": "admin.logentry", "pk": 473, "fields": {"action_time": "2021-03-19T18:25:06.582Z", "user": 2, "content_type": 11, "object_id": "211", "object_repr": "UserAnswer object (211)", "action_flag": 3, "change_message": ""}}, {"model": "admin.logentry", "pk": 474, "fields": {"action_time": "2021-03-19T21:48:41.608Z", "user": 2, "content_type": 11, "object_id": "212", "object_repr": "UserAnswer object (212)", "action_flag": 3, "change_message": ""}}, {"model": "admin.logentry", "pk": 475, "fields": {"action_time": "2021-03-19T21:48:41.613Z", "user": 2, "content_type": 11, "object_id": "213", "object_repr": "UserAnswer object (213)", "action_flag": 3, "change_message": ""}}, {"model": "admin.logentry", "pk": 476, "fields": {"action_time": "2021-03-19T21:48:41.620Z", "user": 2, "content_type": 11, "object_id": "214", "object_repr": "UserAnswer object (214)", "action_flag": 3, "change_message": ""}}, {"model": "admin.logentry", "pk": 477, "fields": {"action_time": "2021-03-19T21:48:41.625Z", "user": 2, "content_type": 11, "object_id": "215", "object_repr": "UserAnswer object (215)", "action_flag": 3, "change_message": ""}}, {"model": "admin.logentry", "pk": 478, "fields": {"action_time": "2021-03-19T21:48:41.630Z", "user": 2, "content_type": 11, "object_id": "216", "object_repr": "UserAnswer object (216)", "action_flag": 3, "change_message": ""}}, {"model": "admin.logentry", "pk": 479, "fields": {"action_time": "2021-03-19T21:48:41.636Z", "user": 2, "content_type": 11, "object_id": "217", "object_repr": "UserAnswer object (217)", "action_flag": 3, "change_message": ""}}, {"model": "admin.logentry", "pk": 480, "fields": {"action_time": "2021-03-19T21:48:41.641Z", "user": 2, "content_type": 11, "object_id": "218", "object_repr": "UserAnswer object (218)", "action_flag": 3, "change_message": ""}}, {"model": "admin.logentry", "pk": 481, "fields": {"action_time": "2021-03-19T21:48:41.646Z", "user": 2, "content_type": 11, "object_id": "219", "object_repr": "UserAnswer object (219)", "action_flag": 3, "change_message": ""}}, {"model": "admin.logentry", "pk": 482, "fields": {"action_time": "2021-03-19T21:48:41.652Z", "user": 2, "content_type": 11, "object_id": "220", "object_repr": "UserAnswer object (220)", "action_flag": 3, "change_message": ""}}, {"model": "admin.logentry", "pk": 483, "fields": {"action_time": "2021-03-19T21:48:41.657Z", "user": 2, "content_type": 11, "object_id": "221", "object_repr": "UserAnswer object (221)", "action_flag": 3, "change_message": ""}}, {"model": "admin.logentry", "pk": 484, "fields": {"action_time": "2021-03-19T21:48:41.662Z", "user": 2, "content_type": 11, "object_id": "222", "object_repr": "UserAnswer object (222)", "action_flag": 3, "change_message": ""}}, {"model": "admin.logentry", "pk": 485, "fields": {"action_time": "2021-03-19T21:48:41.667Z", "user": 2, "content_type": 11, "object_id": "223", "object_repr": "UserAnswer object (223)", "action_flag": 3, "change_message": ""}}, {"model": "admin.logentry", "pk": 486, "fields": {"action_time": "2021-03-19T21:48:41.672Z", "user": 2, "content_type": 11, "object_id": "224", "object_repr": "UserAnswer object (224)", "action_flag": 3, "change_message": ""}}, {"model": "admin.logentry", "pk": 487, "fields": {"action_time": "2021-03-19T22:05:37.531Z", "user": 2, "content_type": 11, "object_id": "225", "object_repr": "UserAnswer object (225)", "action_flag": 3, "change_message": ""}}, {"model": "admin.logentry", "pk": 488, "fields": {"action_time": "2021-03-19T22:05:37.539Z", "user": 2, "content_type": 11, "object_id": "226", "object_repr": "UserAnswer object (226)", "action_flag": 3, "change_message": ""}}, {"model": "admin.logentry", "pk": 489, "fields": {"action_time": "2021-03-19T22:05:37.544Z", "user": 2, "content_type": 11, "object_id": "227", "object_repr": "UserAnswer object (227)", "action_flag": 3, "change_message": ""}}, {"model": "admin.logentry", "pk": 490, "fields": {"action_time": "2021-03-19T22:05:37.552Z", "user": 2, "content_type": 11, "object_id": "228", "object_repr": "UserAnswer object (228)", "action_flag": 3, "change_message": ""}}, {"model": "admin.logentry", "pk": 491, "fields": {"action_time": "2021-03-19T22:05:37.558Z", "user": 2, "content_type": 11, "object_id": "229", "object_repr": "UserAnswer object (229)", "action_flag": 3, "change_message": ""}}, {"model": "admin.logentry", "pk": 492, "fields": {"action_time": "2021-03-19T22:05:37.564Z", "user": 2, "content_type": 11, "object_id": "230", "object_repr": "UserAnswer object (230)", "action_flag": 3, "change_message": ""}}, {"model": "admin.logentry", "pk": 493, "fields": {"action_time": "2021-03-19T22:05:37.570Z", "user": 2, "content_type": 11, "object_id": "231", "object_repr": "UserAnswer object (231)", "action_flag": 3, "change_message": ""}}, {"model": "admin.logentry", "pk": 494, "fields": {"action_time": "2021-03-19T22:05:37.578Z", "user": 2, "content_type": 11, "object_id": "232", "object_repr": "UserAnswer object (232)", "action_flag": 3, "change_message": ""}}, {"model": "admin.logentry", "pk": 495, "fields": {"action_time": "2021-03-19T22:05:37.585Z", "user": 2, "content_type": 11, "object_id": "233", "object_repr": "UserAnswer object (233)", "action_flag": 3, "change_message": ""}}, {"model": "admin.logentry", "pk": 496, "fields": {"action_time": "2021-03-19T22:30:57.221Z", "user": 2, "content_type": 11, "object_id": "1", "object_repr": "UserAnswer object (1)", "action_flag": 2, "change_message": "[{\"changed\": {\"fields\": [\"answer\"]}}]"}}, {"model": "admin.logentry", "pk": 497, "fields": {"action_time": "2021-03-19T22:32:04.078Z", "user": 2, "content_type": 11, "object_id": "1", "object_repr": "UserAnswer object (1)", "action_flag": 3, "change_message": ""}}, {"model": "admin.logentry", "pk": 498, "fields": {"action_time": "2021-03-19T22:32:04.083Z", "user": 2, "content_type": 11, "object_id": "2", "object_repr": "UserAnswer object (2)", "action_flag": 3, "change_message": ""}}, {"model": "admin.logentry", "pk": 499, "fields": {"action_time": "2021-03-19T22:32:04.089Z", "user": 2, "content_type": 11, "object_id": "3", "object_repr": "UserAnswer object (3)", "action_flag": 3, "change_message": ""}}, {"model": "admin.logentry", "pk": 500, "fields": {"action_time": "2021-03-19T22:32:04.095Z", "user": 2, "content_type": 11, "object_id": "4", "object_repr": "UserAnswer object (4)", "action_flag": 3, "change_message": ""}}, {"model": "admin.logentry", "pk": 501, "fields": {"action_time": "2021-03-19T22:32:04.100Z", "user": 2, "content_type": 11, "object_id": "5", "object_repr": "UserAnswer object (5)", "action_flag": 3, "change_message": ""}}, {"model": "admin.logentry", "pk": 502, "fields": {"action_time": "2021-03-19T22:32:04.106Z", "user": 2, "content_type": 11, "object_id": "6", "object_repr": "UserAnswer object (6)", "action_flag": 3, "change_message": ""}}, {"model": "admin.logentry", "pk": 503, "fields": {"action_time": "2021-03-19T22:32:04.112Z", "user": 2, "content_type": 11, "object_id": "7", "object_repr": "UserAnswer object (7)", "action_flag": 3, "change_message": ""}}, {"model": "admin.logentry", "pk": 504, "fields": {"action_time": "2021-03-19T23:39:06.665Z", "user": 2, "content_type": 11, "object_id": "8", "object_repr": "UserAnswer object (8)", "action_flag": 3, "change_message": ""}}, {"model": "admin.logentry", "pk": 505, "fields": {"action_time": "2021-03-19T23:39:06.673Z", "user": 2, "content_type": 11, "object_id": "9", "object_repr": "UserAnswer object (9)", "action_flag": 3, "change_message": ""}}, {"model": "admin.logentry", "pk": 506, "fields": {"action_time": "2021-03-19T23:39:06.679Z", "user": 2, "content_type": 11, "object_id": "10", "object_repr": "UserAnswer object (10)", "action_flag": 3, "change_message": ""}}, {"model": "admin.logentry", "pk": 507, "fields": {"action_time": "2021-03-19T23:39:06.685Z", "user": 2, "content_type": 11, "object_id": "11", "object_repr": "UserAnswer object (11)", "action_flag": 3, "change_message": ""}}, {"model": "admin.logentry", "pk": 508, "fields": {"action_time": "2021-03-19T23:39:06.693Z", "user": 2, "content_type": 11, "object_id": "12", "object_repr": "UserAnswer object (12)", "action_flag": 3, "change_message": ""}}, {"model": "admin.logentry", "pk": 509, "fields": {"action_time": "2021-03-19T23:39:06.699Z", "user": 2, "content_type": 11, "object_id": "13", "object_repr": "UserAnswer object (13)", "action_flag": 3, "change_message": ""}}, {"model": "admin.logentry", "pk": 510, "fields": {"action_time": "2021-03-19T23:39:06.705Z", "user": 2, "content_type": 11, "object_id": "14", "object_repr": "UserAnswer object (14)", "action_flag": 3, "change_message": ""}}, {"model": "admin.logentry", "pk": 511, "fields": {"action_time": "2021-03-19T23:39:06.711Z", "user": 2, "content_type": 11, "object_id": "15", "object_repr": "UserAnswer object (15)", "action_flag": 3, "change_message": ""}}, {"model": "admin.logentry", "pk": 512, "fields": {"action_time": "2021-03-19T23:39:06.717Z", "user": 2, "content_type": 11, "object_id": "16", "object_repr": "UserAnswer object (16)", "action_flag": 3, "change_message": ""}}, {"model": "admin.logentry", "pk": 513, "fields": {"action_time": "2021-03-19T23:39:06.727Z", "user": 2, "content_type": 11, "object_id": "17", "object_repr": "UserAnswer object (17)", "action_flag": 3, "change_message": ""}}, {"model": "admin.logentry", "pk": 514, "fields": {"action_time": "2021-03-19T23:39:06.733Z", "user": 2, "content_type": 11, "object_id": "18", "object_repr": "UserAnswer object (18)", "action_flag": 3, "change_message": ""}}, {"model": "admin.logentry", "pk": 515, "fields": {"action_time": "2021-03-19T23:39:06.743Z", "user": 2, "content_type": 11, "object_id": "19", "object_repr": "UserAnswer object (19)", "action_flag": 3, "change_message": ""}}, {"model": "admin.logentry", "pk": 516, "fields": {"action_time": "2021-03-19T23:39:06.749Z", "user": 2, "content_type": 11, "object_id": "20", "object_repr": "UserAnswer object (20)", "action_flag": 3, "change_message": ""}}, {"model": "admin.logentry", "pk": 517, "fields": {"action_time": "2021-03-19T23:39:06.756Z", "user": 2, "content_type": 11, "object_id": "21", "object_repr": "UserAnswer object (21)", "action_flag": 3, "change_message": ""}}, {"model": "admin.logentry", "pk": 518, "fields": {"action_time": "2021-03-19T23:39:06.761Z", "user": 2, "content_type": 11, "object_id": "22", "object_repr": "UserAnswer object (22)", "action_flag": 3, "change_message": ""}}, {"model": "admin.logentry", "pk": 519, "fields": {"action_time": "2021-03-19T23:39:06.767Z", "user": 2, "content_type": 11, "object_id": "23", "object_repr": "UserAnswer object (23)", "action_flag": 3, "change_message": ""}}, {"model": "admin.logentry", "pk": 520, "fields": {"action_time": "2021-03-19T23:39:06.775Z", "user": 2, "content_type": 11, "object_id": "24", "object_repr": "UserAnswer object (24)", "action_flag": 3, "change_message": ""}}, {"model": "admin.logentry", "pk": 521, "fields": {"action_time": "2021-03-19T23:39:06.780Z", "user": 2, "content_type": 11, "object_id": "25", "object_repr": "UserAnswer object (25)", "action_flag": 3, "change_message": ""}}, {"model": "admin.logentry", "pk": 522, "fields": {"action_time": "2021-03-19T23:39:06.789Z", "user": 2, "content_type": 11, "object_id": "26", "object_repr": "UserAnswer object (26)", "action_flag": 3, "change_message": ""}}, {"model": "admin.logentry", "pk": 523, "fields": {"action_time": "2021-03-19T23:39:06.795Z", "user": 2, "content_type": 11, "object_id": "27", "object_repr": "UserAnswer object (27)", "action_flag": 3, "change_message": ""}}, {"model": "admin.logentry", "pk": 524, "fields": {"action_time": "2021-03-19T23:39:06.800Z", "user": 2, "content_type": 11, "object_id": "28", "object_repr": "UserAnswer object (28)", "action_flag": 3, "change_message": ""}}, {"model": "admin.logentry", "pk": 525, "fields": {"action_time": "2021-03-19T23:39:06.807Z", "user": 2, "content_type": 11, "object_id": "29", "object_repr": "UserAnswer object (29)", "action_flag": 3, "change_message": ""}}, {"model": "admin.logentry", "pk": 526, "fields": {"action_time": "2021-03-19T23:39:06.813Z", "user": 2, "content_type": 11, "object_id": "30", "object_repr": "UserAnswer object (30)", "action_flag": 3, "change_message": ""}}, {"model": "admin.logentry", "pk": 527, "fields": {"action_time": "2021-03-19T23:39:06.820Z", "user": 2, "content_type": 11, "object_id": "31", "object_repr": "UserAnswer object (31)", "action_flag": 3, "change_message": ""}}, {"model": "admin.logentry", "pk": 528, "fields": {"action_time": "2021-03-19T23:39:06.835Z", "user": 2, "content_type": 11, "object_id": "32", "object_repr": "UserAnswer object (32)", "action_flag": 3, "change_message": ""}}, {"model": "admin.logentry", "pk": 529, "fields": {"action_time": "2021-03-19T23:39:06.841Z", "user": 2, "content_type": 11, "object_id": "33", "object_repr": "UserAnswer object (33)", "action_flag": 3, "change_message": ""}}, {"model": "admin.logentry", "pk": 530, "fields": {"action_time": "2021-03-19T23:39:06.847Z", "user": 2, "content_type": 11, "object_id": "34", "object_repr": "UserAnswer object (34)", "action_flag": 3, "change_message": ""}}, {"model": "admin.logentry", "pk": 531, "fields": {"action_time": "2021-03-19T23:39:06.852Z", "user": 2, "content_type": 11, "object_id": "35", "object_repr": "UserAnswer object (35)", "action_flag": 3, "change_message": ""}}, {"model": "admin.logentry", "pk": 532, "fields": {"action_time": "2021-03-19T23:39:06.857Z", "user": 2, "content_type": 11, "object_id": "36", "object_repr": "UserAnswer object (36)", "action_flag": 3, "change_message": ""}}, {"model": "admin.logentry", "pk": 533, "fields": {"action_time": "2021-03-19T23:39:06.862Z", "user": 2, "content_type": 11, "object_id": "37", "object_repr": "UserAnswer object (37)", "action_flag": 3, "change_message": ""}}, {"model": "admin.logentry", "pk": 534, "fields": {"action_time": "2021-03-19T23:39:06.870Z", "user": 2, "content_type": 11, "object_id": "38", "object_repr": "UserAnswer object (38)", "action_flag": 3, "change_message": ""}}, {"model": "admin.logentry", "pk": 535, "fields": {"action_time": "2021-03-19T23:39:06.876Z", "user": 2, "content_type": 11, "object_id": "39", "object_repr": "UserAnswer object (39)", "action_flag": 3, "change_message": ""}}, {"model": "admin.logentry", "pk": 536, "fields": {"action_time": "2021-03-19T23:39:06.882Z", "user": 2, "content_type": 11, "object_id": "40", "object_repr": "UserAnswer object (40)", "action_flag": 3, "change_message": ""}}, {"model": "admin.logentry", "pk": 537, "fields": {"action_time": "2021-03-19T23:39:06.889Z", "user": 2, "content_type": 11, "object_id": "41", "object_repr": "UserAnswer object (41)", "action_flag": 3, "change_message": ""}}, {"model": "admin.logentry", "pk": 538, "fields": {"action_time": "2021-03-19T23:39:06.895Z", "user": 2, "content_type": 11, "object_id": "42", "object_repr": "UserAnswer object (42)", "action_flag": 3, "change_message": ""}}, {"model": "admin.logentry", "pk": 539, "fields": {"action_time": "2021-03-19T23:39:06.901Z", "user": 2, "content_type": 11, "object_id": "43", "object_repr": "UserAnswer object (43)", "action_flag": 3, "change_message": ""}}, {"model": "admin.logentry", "pk": 540, "fields": {"action_time": "2021-03-19T23:39:06.907Z", "user": 2, "content_type": 11, "object_id": "44", "object_repr": "UserAnswer object (44)", "action_flag": 3, "change_message": ""}}, {"model": "admin.logentry", "pk": 541, "fields": {"action_time": "2021-03-19T23:39:06.913Z", "user": 2, "content_type": 11, "object_id": "45", "object_repr": "UserAnswer object (45)", "action_flag": 3, "change_message": ""}}, {"model": "admin.logentry", "pk": 542, "fields": {"action_time": "2021-03-19T23:39:06.918Z", "user": 2, "content_type": 11, "object_id": "46", "object_repr": "UserAnswer object (46)", "action_flag": 3, "change_message": ""}}, {"model": "admin.logentry", "pk": 543, "fields": {"action_time": "2021-03-19T23:39:06.925Z", "user": 2, "content_type": 11, "object_id": "47", "object_repr": "UserAnswer object (47)", "action_flag": 3, "change_message": ""}}, {"model": "admin.logentry", "pk": 544, "fields": {"action_time": "2021-03-19T23:39:06.931Z", "user": 2, "content_type": 11, "object_id": "48", "object_repr": "UserAnswer object (48)", "action_flag": 3, "change_message": ""}}, {"model": "admin.logentry", "pk": 545, "fields": {"action_time": "2021-03-19T23:39:06.937Z", "user": 2, "content_type": 11, "object_id": "49", "object_repr": "UserAnswer object (49)", "action_flag": 3, "change_message": ""}}, {"model": "admin.logentry", "pk": 546, "fields": {"action_time": "2021-03-19T23:39:06.942Z", "user": 2, "content_type": 11, "object_id": "50", "object_repr": "UserAnswer object (50)", "action_flag": 3, "change_message": ""}}, {"model": "admin.logentry", "pk": 547, "fields": {"action_time": "2021-03-19T23:39:06.947Z", "user": 2, "content_type": 11, "object_id": "51", "object_repr": "UserAnswer object (51)", "action_flag": 3, "change_message": ""}}, {"model": "admin.logentry", "pk": 548, "fields": {"action_time": "2021-03-19T23:39:06.952Z", "user": 2, "content_type": 11, "object_id": "52", "object_repr": "UserAnswer object (52)", "action_flag": 3, "change_message": ""}}, {"model": "admin.logentry", "pk": 549, "fields": {"action_time": "2021-03-19T23:39:06.959Z", "user": 2, "content_type": 11, "object_id": "53", "object_repr": "UserAnswer object (53)", "action_flag": 3, "change_message": ""}}, {"model": "admin.logentry", "pk": 550, "fields": {"action_time": "2021-03-19T23:39:06.965Z", "user": 2, "content_type": 11, "object_id": "54", "object_repr": "UserAnswer object (54)", "action_flag": 3, "change_message": ""}}, {"model": "admin.logentry", "pk": 551, "fields": {"action_time": "2021-03-19T23:39:06.972Z", "user": 2, "content_type": 11, "object_id": "55", "object_repr": "UserAnswer object (55)", "action_flag": 3, "change_message": ""}}, {"model": "admin.logentry", "pk": 552, "fields": {"action_time": "2021-03-19T23:48:23.105Z", "user": 2, "content_type": 11, "object_id": "56", "object_repr": "UserAnswer object (56)", "action_flag": 3, "change_message": ""}}, {"model": "admin.logentry", "pk": 553, "fields": {"action_time": "2021-03-19T23:48:23.110Z", "user": 2, "content_type": 11, "object_id": "57", "object_repr": "UserAnswer object (57)", "action_flag": 3, "change_message": ""}}, {"model": "admin.logentry", "pk": 554, "fields": {"action_time": "2021-03-19T23:48:23.115Z", "user": 2, "content_type": 11, "object_id": "58", "object_repr": "UserAnswer object (58)", "action_flag": 3, "change_message": ""}}, {"model": "admin.logentry", "pk": 555, "fields": {"action_time": "2021-03-19T23:48:23.121Z", "user": 2, "content_type": 11, "object_id": "59", "object_repr": "UserAnswer object (59)", "action_flag": 3, "change_message": ""}}, {"model": "admin.logentry", "pk": 556, "fields": {"action_time": "2021-03-19T23:48:23.126Z", "user": 2, "content_type": 11, "object_id": "60", "object_repr": "UserAnswer object (60)", "action_flag": 3, "change_message": ""}}, {"model": "admin.logentry", "pk": 557, "fields": {"action_time": "2021-03-20T00:10:47.955Z", "user": 2, "content_type": 7, "object_id": "11", "object_repr": "My name is John", "action_flag": 3, "change_message": ""}}, {"model": "admin.logentry", "pk": 558, "fields": {"action_time": "2021-03-20T00:10:47.961Z", "user": 2, "content_type": 7, "object_id": "12", "object_repr": "My name is John", "action_flag": 3, "change_message": ""}}, {"model": "admin.logentry", "pk": 559, "fields": {"action_time": "2021-03-20T00:10:47.968Z", "user": 2, "content_type": 7, "object_id": "13", "object_repr": "My name is John", "action_flag": 3, "change_message": ""}}, {"model": "admin.logentry", "pk": 560, "fields": {"action_time": "2021-03-20T00:10:47.975Z", "user": 2, "content_type": 7, "object_id": "14", "object_repr": "My name is John", "action_flag": 3, "change_message": ""}}, {"model": "admin.logentry", "pk": 561, "fields": {"action_time": "2021-03-20T00:10:47.981Z", "user": 2, "content_type": 7, "object_id": "15", "object_repr": "My name is John", "action_flag": 3, "change_message": ""}}, {"model": "admin.logentry", "pk": 562, "fields": {"action_time": "2021-03-20T00:10:47.988Z", "user": 2, "content_type": 7, "object_id": "16", "object_repr": "My name is John", "action_flag": 3, "change_message": ""}}, {"model": "admin.logentry", "pk": 563, "fields": {"action_time": "2021-03-20T00:10:47.995Z", "user": 2, "content_type": 7, "object_id": "17", "object_repr": "pppp", "action_flag": 3, "change_message": ""}}, {"model": "admin.logentry", "pk": 564, "fields": {"action_time": "2021-03-20T00:10:48.002Z", "user": 2, "content_type": 7, "object_id": "18", "object_repr": "My name is John", "action_flag": 3, "change_message": ""}}, {"model": "admin.logentry", "pk": 565, "fields": {"action_time": "2021-03-20T00:10:48.007Z", "user": 2, "content_type": 7, "object_id": "19", "object_repr": "pppp", "action_flag": 3, "change_message": ""}}, {"model": "admin.logentry", "pk": 566, "fields": {"action_time": "2021-03-20T00:10:48.013Z", "user": 2, "content_type": 7, "object_id": "20", "object_repr": "My name is John", "action_flag": 3, "change_message": ""}}, {"model": "admin.logentry", "pk": 567, "fields": {"action_time": "2021-03-20T00:10:48.019Z", "user": 2, "content_type": 7, "object_id": "21", "object_repr": "pppp", "action_flag": 3, "change_message": ""}}, {"model": "admin.logentry", "pk": 568, "fields": {"action_time": "2021-03-20T00:10:48.027Z", "user": 2, "content_type": 7, "object_id": "22", "object_repr": "My name is John", "action_flag": 3, "change_message": ""}}, {"model": "admin.logentry", "pk": 569, "fields": {"action_time": "2021-03-20T00:10:48.034Z", "user": 2, "content_type": 7, "object_id": "23", "object_repr": "pppp", "action_flag": 3, "change_message": ""}}, {"model": "admin.logentry", "pk": 570, "fields": {"action_time": "2021-03-20T00:10:48.040Z", "user": 2, "content_type": 7, "object_id": "24", "object_repr": "My name is John", "action_flag": 3, "change_message": ""}}, {"model": "admin.logentry", "pk": 571, "fields": {"action_time": "2021-03-20T00:10:48.046Z", "user": 2, "content_type": 7, "object_id": "25", "object_repr": "pppp", "action_flag": 3, "change_message": ""}}, {"model": "admin.logentry", "pk": 572, "fields": {"action_time": "2021-03-20T00:10:48.053Z", "user": 2, "content_type": 7, "object_id": "26", "object_repr": "My name is John", "action_flag": 3, "change_message": ""}}, {"model": "admin.logentry", "pk": 573, "fields": {"action_time": "2021-03-20T00:10:48.062Z", "user": 2, "content_type": 7, "object_id": "27", "object_repr": "pppp", "action_flag": 3, "change_message": ""}}, {"model": "admin.logentry", "pk": 574, "fields": {"action_time": "2021-03-20T00:10:48.069Z", "user": 2, "content_type": 7, "object_id": "28", "object_repr": "My name is John", "action_flag": 3, "change_message": ""}}, {"model": "admin.logentry", "pk": 575, "fields": {"action_time": "2021-03-20T00:10:48.075Z", "user": 2, "content_type": 7, "object_id": "29", "object_repr": "pppp", "action_flag": 3, "change_message": ""}}, {"model": "admin.logentry", "pk": 576, "fields": {"action_time": "2021-03-20T00:11:13.618Z", "user": 2, "content_type": 11, "object_id": "61", "object_repr": "UserAnswer object (61)", "action_flag": 3, "change_message": ""}}, {"model": "admin.logentry", "pk": 577, "fields": {"action_time": "2021-03-20T00:11:13.624Z", "user": 2, "content_type": 11, "object_id": "62", "object_repr": "UserAnswer object (62)", "action_flag": 3, "change_message": ""}}, {"model": "admin.logentry", "pk": 578, "fields": {"action_time": "2021-03-20T00:11:13.631Z", "user": 2, "content_type": 11, "object_id": "63", "object_repr": "UserAnswer object (63)", "action_flag": 3, "change_message": ""}}, {"model": "admin.logentry", "pk": 579, "fields": {"action_time": "2021-03-20T00:11:13.643Z", "user": 2, "content_type": 11, "object_id": "64", "object_repr": "UserAnswer object (64)", "action_flag": 3, "change_message": ""}}, {"model": "admin.logentry", "pk": 580, "fields": {"action_time": "2021-03-20T00:11:13.648Z", "user": 2, "content_type": 11, "object_id": "65", "object_repr": "UserAnswer object (65)", "action_flag": 3, "change_message": ""}}, {"model": "admin.logentry", "pk": 581, "fields": {"action_time": "2021-03-20T00:11:13.655Z", "user": 2, "content_type": 11, "object_id": "66", "object_repr": "UserAnswer object (66)", "action_flag": 3, "change_message": ""}}, {"model": "admin.logentry", "pk": 582, "fields": {"action_time": "2021-03-20T00:11:13.661Z", "user": 2, "content_type": 11, "object_id": "67", "object_repr": "UserAnswer object (67)", "action_flag": 3, "change_message": ""}}, {"model": "admin.logentry", "pk": 583, "fields": {"action_time": "2021-03-20T00:11:13.668Z", "user": 2, "content_type": 11, "object_id": "68", "object_repr": "UserAnswer object (68)", "action_flag": 3, "change_message": ""}}, {"model": "admin.logentry", "pk": 584, "fields": {"action_time": "2021-03-20T00:11:13.674Z", "user": 2, "content_type": 11, "object_id": "69", "object_repr": "UserAnswer object (69)", "action_flag": 3, "change_message": ""}}, {"model": "admin.logentry", "pk": 585, "fields": {"action_time": "2021-03-20T00:11:13.680Z", "user": 2, "content_type": 11, "object_id": "70", "object_repr": "UserAnswer object (70)", "action_flag": 3, "change_message": ""}}, {"model": "admin.logentry", "pk": 586, "fields": {"action_time": "2021-03-20T00:11:13.687Z", "user": 2, "content_type": 11, "object_id": "71", "object_repr": "UserAnswer object (71)", "action_flag": 3, "change_message": ""}}, {"model": "admin.logentry", "pk": 587, "fields": {"action_time": "2021-03-20T00:11:13.694Z", "user": 2, "content_type": 11, "object_id": "72", "object_repr": "UserAnswer object (72)", "action_flag": 3, "change_message": ""}}, {"model": "admin.logentry", "pk": 588, "fields": {"action_time": "2021-03-20T00:11:13.702Z", "user": 2, "content_type": 11, "object_id": "73", "object_repr": "UserAnswer object (73)", "action_flag": 3, "change_message": ""}}, {"model": "admin.logentry", "pk": 589, "fields": {"action_time": "2021-03-20T00:11:13.710Z", "user": 2, "content_type": 11, "object_id": "74", "object_repr": "UserAnswer object (74)", "action_flag": 3, "change_message": ""}}, {"model": "admin.logentry", "pk": 590, "fields": {"action_time": "2021-03-20T00:11:13.718Z", "user": 2, "content_type": 11, "object_id": "75", "object_repr": "UserAnswer object (75)", "action_flag": 3, "change_message": ""}}, {"model": "admin.logentry", "pk": 591, "fields": {"action_time": "2021-03-20T00:11:13.725Z", "user": 2, "content_type": 11, "object_id": "76", "object_repr": "UserAnswer object (76)", "action_flag": 3, "change_message": ""}}, {"model": "admin.logentry", "pk": 592, "fields": {"action_time": "2021-03-20T00:11:13.733Z", "user": 2, "content_type": 11, "object_id": "77", "object_repr": "UserAnswer object (77)", "action_flag": 3, "change_message": ""}}, {"model": "admin.logentry", "pk": 593, "fields": {"action_time": "2021-03-20T00:11:13.742Z", "user": 2, "content_type": 11, "object_id": "78", "object_repr": "UserAnswer object (78)", "action_flag": 3, "change_message": ""}}, {"model": "admin.logentry", "pk": 594, "fields": {"action_time": "2021-03-20T00:11:13.749Z", "user": 2, "content_type": 11, "object_id": "79", "object_repr": "UserAnswer object (79)", "action_flag": 3, "change_message": ""}}, {"model": "admin.logentry", "pk": 595, "fields": {"action_time": "2021-03-20T00:11:13.756Z", "user": 2, "content_type": 11, "object_id": "80", "object_repr": "UserAnswer object (80)", "action_flag": 3, "change_message": ""}}, {"model": "admin.logentry", "pk": 596, "fields": {"action_time": "2021-03-20T00:11:13.764Z", "user": 2, "content_type": 11, "object_id": "81", "object_repr": "UserAnswer object (81)", "action_flag": 3, "change_message": ""}}, {"model": "admin.logentry", "pk": 597, "fields": {"action_time": "2021-03-20T00:11:13.770Z", "user": 2, "content_type": 11, "object_id": "82", "object_repr": "UserAnswer object (82)", "action_flag": 3, "change_message": ""}}, {"model": "admin.logentry", "pk": 598, "fields": {"action_time": "2021-03-20T00:11:13.777Z", "user": 2, "content_type": 11, "object_id": "83", "object_repr": "UserAnswer object (83)", "action_flag": 3, "change_message": ""}}, {"model": "admin.logentry", "pk": 599, "fields": {"action_time": "2021-03-20T00:11:13.783Z", "user": 2, "content_type": 11, "object_id": "84", "object_repr": "UserAnswer object (84)", "action_flag": 3, "change_message": ""}}, {"model": "admin.logentry", "pk": 600, "fields": {"action_time": "2021-03-20T00:11:13.790Z", "user": 2, "content_type": 11, "object_id": "85", "object_repr": "UserAnswer object (85)", "action_flag": 3, "change_message": ""}}, {"model": "admin.logentry", "pk": 601, "fields": {"action_time": "2021-03-20T00:11:13.796Z", "user": 2, "content_type": 11, "object_id": "86", "object_repr": "UserAnswer object (86)", "action_flag": 3, "change_message": ""}}, {"model": "admin.logentry", "pk": 602, "fields": {"action_time": "2021-03-20T00:11:13.803Z", "user": 2, "content_type": 11, "object_id": "87", "object_repr": "UserAnswer object (87)", "action_flag": 3, "change_message": ""}}, {"model": "admin.logentry", "pk": 603, "fields": {"action_time": "2021-03-20T00:11:13.810Z", "user": 2, "content_type": 11, "object_id": "88", "object_repr": "UserAnswer object (88)", "action_flag": 3, "change_message": ""}}, {"model": "admin.logentry", "pk": 604, "fields": {"action_time": "2021-03-20T00:11:13.817Z", "user": 2, "content_type": 11, "object_id": "89", "object_repr": "UserAnswer object (89)", "action_flag": 3, "change_message": ""}}, {"model": "admin.logentry", "pk": 605, "fields": {"action_time": "2021-03-20T00:11:13.824Z", "user": 2, "content_type": 11, "object_id": "90", "object_repr": "UserAnswer object (90)", "action_flag": 3, "change_message": ""}}, {"model": "admin.logentry", "pk": 606, "fields": {"action_time": "2021-03-20T00:12:43.617Z", "user": 2, "content_type": 11, "object_id": "91", "object_repr": "UserAnswer object (91)", "action_flag": 3, "change_message": ""}}, {"model": "admin.logentry", "pk": 607, "fields": {"action_time": "2021-03-20T00:19:26.969Z", "user": 2, "content_type": 11, "object_id": "92", "object_repr": "UserAnswer object (92)", "action_flag": 3, "change_message": ""}}, {"model": "admin.logentry", "pk": 608, "fields": {"action_time": "2021-03-20T00:19:26.975Z", "user": 2, "content_type": 11, "object_id": "93", "object_repr": "UserAnswer object (93)", "action_flag": 3, "change_message": ""}}, {"model": "admin.logentry", "pk": 609, "fields": {"action_time": "2021-03-20T00:19:26.981Z", "user": 2, "content_type": 11, "object_id": "94", "object_repr": "UserAnswer object (94)", "action_flag": 3, "change_message": ""}}, {"model": "admin.logentry", "pk": 610, "fields": {"action_time": "2021-03-20T00:19:26.987Z", "user": 2, "content_type": 11, "object_id": "95", "object_repr": "UserAnswer object (95)", "action_flag": 3, "change_message": ""}}, {"model": "admin.logentry", "pk": 611, "fields": {"action_time": "2021-03-20T00:34:37.942Z", "user": 2, "content_type": 11, "object_id": "96", "object_repr": "UserAnswer object (96)", "action_flag": 3, "change_message": ""}}, {"model": "admin.logentry", "pk": 612, "fields": {"action_time": "2021-03-20T00:36:42.066Z", "user": 2, "content_type": 11, "object_id": "97", "object_repr": "UserAnswer object (97)", "action_flag": 3, "change_message": ""}}]